,project_id,img_file
0,256941264,img_256941264.jpg
1,748081064,img_748081064.jpg
2,374051904,img_374051904.jpg
3,1774324319,img_1774324319.jpg
4,433085097,img_433085097.jpg
5,1706943935,img_1706943935.jpg
6,1709033713,img_1709033713.jpg
7,1988211895,img_1988211895.jpg
8,1897919106,img_1897919106.jpg
9,1193350172,img_1193350172.jpg
10,23152778,img_23152778.jpg
11,1213338921,img_1213338921.jpg
12,1069816081,img_1069816081.jpg
13,785030900,img_785030900.jpg
14,1255018306,img_1255018306.jpg
15,1238873268,img_1238873268.jpg
16,1849444403,img_1849444403.jpg
17,421037108,img_421037108.jpg
18,575271961,img_575271961.jpg
19,407185063,img_407185063.jpg
20,142016465,img_142016465.jpg
21,125859400,img_125859400.jpg
22,292832566,img_292832566.jpg
23,1721395159,img_1721395159.jpg
24,562276553,img_562276553.jpg
25,780006612,img_780006612.jpg
26,1194621676,img_1194621676.jpg
27,378747734,img_378747734.jpg
28,1151897659,img_1151897659.jpg
29,1239686031,img_1239686031.jpg
30,329162738,img_329162738.jpg
31,2119547530,img_2119547530.jpg
32,215730319,img_215730319.jpg
33,1799943883,img_1799943883.jpg
34,1743386796,img_1743386796.jpg
35,2097748129,img_2097748129.jpg
36,673765219,img_673765219.jpg
37,1323667743,img_1323667743.jpg
38,1517330657,img_1517330657.jpg
39,270622267,img_270622267.jpg
40,341261114,img_341261114.jpg
41,1944804664,img_1944804664.jpg
42,1919358994,img_1919358994.jpg
43,1382314043,img_1382314043.jpg
44,1147057510,img_1147057510.jpg
45,1467542810,img_1467542810.jpg
46,1947808346,img_1947808346.jpg
47,39900536,img_39900536.jpg
48,74599621,img_74599621.jpg
49,1446671987,img_1446671987.jpg
50,1970274571,img_1970274571.jpg
51,1280271002,img_1280271002.jpg
52,1316379147,img_1316379147.jpg
53,1313878870,img_1313878870.jpg
54,1669984917,img_1669984917.jpg
55,374785399,img_374785399.jpg
56,1409132587,img_1409132587.jpg
57,352210887,img_352210887.jpg
58,1428418415,img_1428418415.jpg
59,224052425,img_224052425.jpg
60,662157087,img_662157087.jpg
61,2023975432,img_2023975432.jpg
62,2071684195,img_2071684195.jpg
63,427967675,img_427967675.jpg
64,1923400131,img_1923400131.jpg
65,7922504,img_7922504.jpg
66,2031182666,img_2031182666.jpg
67,98211323,img_98211323.jpg
68,1183081294,img_1183081294.jpg
69,446513779,img_446513779.jpg
70,1972917609,img_1972917609.jpg
71,1532868204,img_1532868204.jpg
72,1927900629,img_1927900629.jpg
73,676178209,img_676178209.jpg
74,999096620,img_999096620.jpg
75,688664511,img_688664511.jpg
76,93028791,img_93028791.jpg
77,2127496022,img_2127496022.jpg
78,1345375525,img_1345375525.jpg
79,29982071,img_29982071.jpg
80,67388287,img_67388287.jpg
81,2037927707,img_2037927707.jpg
82,975435216,img_975435216.jpg
83,1449446387,img_1449446387.jpg
84,40736229,img_40736229.jpg
85,1973270418,img_1973270418.jpg
86,1882205910,img_1882205910.jpg
87,1944209846,img_1944209846.jpg
88,428944339,img_428944339.jpg
89,591865170,img_591865170.jpg
90,2125680802,img_2125680802.jpg
91,834529356,img_834529356.jpg
92,245959053,img_245959053.jpg
93,228818156,img_228818156.jpg
94,843160452,img_843160452.jpg
95,1327426745,img_1327426745.jpg
96,52093272,img_52093272.jpg
97,1775094193,img_1775094193.jpg
98,315155369,img_315155369.jpg
99,594874978,img_594874978.jpg
100,127406154,img_127406154.jpg
101,38579373,img_38579373.jpg
102,1401134515,img_1401134515.jpg
103,1700912685,img_1700912685.jpg
104,939988045,img_939988045.jpg
105,1267026621,img_1267026621.jpg
106,1602201731,img_1602201731.jpg
107,2147283197,img_2147283197.jpg
108,1063410034,img_1063410034.jpg
109,1770512919,img_1770512919.jpg
110,402184993,img_402184993.jpg
111,1377311403,img_1377311403.jpg
112,83985592,img_83985592.jpg
113,1231028477,img_1231028477.jpg
114,963109029,img_963109029.jpg
115,451006338,img_451006338.jpg
116,558711776,img_558711776.jpg
117,2142947846,img_2142947846.jpg
118,876623115,img_876623115.jpg
119,113061551,img_113061551.jpg
120,194383029,img_194383029.jpg
121,260164916,img_260164916.jpg
122,632552919,img_632552919.jpg
123,318188028,img_318188028.jpg
124,1610074604,img_1610074604.jpg
125,2062262907,img_2062262907.jpg
126,2017886013,img_2017886013.jpg
127,1685580009,img_1685580009.jpg
128,491567983,img_491567983.jpg
129,1539478684,img_1539478684.jpg
130,1977177512,img_1977177512.jpg
131,1161752566,img_1161752566.jpg
132,707374949,img_707374949.jpg
133,1360159567,img_1360159567.jpg
134,2090478499,img_2090478499.jpg
135,40077266,img_40077266.jpg
136,1368255520,img_1368255520.jpg
137,959525614,img_959525614.jpg
138,866946931,img_866946931.jpg
139,577767528,img_577767528.jpg
140,691828177,img_691828177.jpg
141,580090499,img_580090499.jpg
142,1131084395,img_1131084395.jpg
143,1805309338,img_1805309338.jpg
144,1670488420,img_1670488420.jpg
145,59746464,img_59746464.jpg
146,618721385,img_618721385.jpg
147,430515936,img_430515936.jpg
148,2131943868,img_2131943868.jpg
149,1824759594,img_1824759594.jpg
150,359814856,img_359814856.jpg
151,1240770500,img_1240770500.jpg
152,850919392,img_850919392.jpg
153,1448747951,img_1448747951.jpg
154,1364902150,img_1364902150.jpg
155,955060886,img_955060886.jpg
156,1153626580,img_1153626580.jpg
157,21632226,img_21632226.jpg
158,626102641,img_626102641.jpg
159,854102932,img_854102932.jpg
160,349186833,img_349186833.jpg
161,370705383,img_370705383.jpg
162,1175774810,img_1175774810.jpg
163,611249794,img_611249794.jpg
164,564536812,img_564536812.jpg
165,647005204,img_647005204.jpg
166,1269220085,img_1269220085.jpg
167,1198601238,img_1198601238.jpg
168,1316390692,img_1316390692.jpg
169,1359243807,img_1359243807.jpg
170,530241441,img_530241441.jpg
171,1195762008,img_1195762008.jpg
172,1705278338,img_1705278338.jpg
173,339585824,img_339585824.jpg
174,1730212487,img_1730212487.jpg
175,848747332,img_848747332.jpg
176,1955037305,img_1955037305.jpg
177,1425329817,img_1425329817.jpg
178,623142981,img_623142981.jpg
179,324280277,img_324280277.jpg
180,1844941261,img_1844941261.jpg
181,393914275,img_393914275.jpg
182,45270179,img_45270179.jpg
183,1740554502,img_1740554502.jpg
184,2067254510,img_2067254510.jpg
185,729104947,img_729104947.jpg
186,1408932703,img_1408932703.jpg
187,2038622219,img_2038622219.jpg
188,1408437174,img_1408437174.jpg
189,511661122,img_511661122.jpg
190,1803018326,img_1803018326.jpg
191,647651357,img_647651357.jpg
192,1489877183,img_1489877183.jpg
193,1948226465,img_1948226465.jpg
194,971445610,img_971445610.jpg
195,1153675563,img_1153675563.jpg
196,191363398,img_191363398.jpg
197,2002970022,img_2002970022.jpg
198,281109096,img_281109096.jpg
199,1756431015,img_1756431015.jpg
200,961657964,img_961657964.jpg
201,1494893605,img_1494893605.jpg
202,518478339,img_518478339.jpg
203,1362064062,img_1362064062.jpg
204,643147815,img_643147815.jpg
205,1064827845,img_1064827845.jpg
206,1862711940,img_1862711940.jpg
207,2088756239,img_2088756239.jpg
208,209599318,img_209599318.jpg
209,920295925,img_920295925.jpg
210,691325831,img_691325831.jpg
211,627464795,img_627464795.jpg
212,1993308544,img_1993308544.jpg
213,186177193,img_186177193.jpg
214,1277934562,img_1277934562.jpg
215,1188113847,img_1188113847.jpg
216,1316556188,img_1316556188.jpg
217,1686361,img_1686361.jpg
218,1949440126,img_1949440126.jpg
219,1152335627,img_1152335627.jpg
220,1268367721,img_1268367721.jpg
221,678659565,img_678659565.jpg
222,1493467162,img_1493467162.jpg
223,1092516563,img_1092516563.jpg
224,1049675999,img_1049675999.jpg
225,1932576582,img_1932576582.jpg
226,1402908657,img_1402908657.jpg
227,2116011561,img_2116011561.jpg
228,2143520275,img_2143520275.jpg
229,1810076287,img_1810076287.jpg
230,2105160399,img_2105160399.jpg
231,1956175932,img_1956175932.jpg
232,765907418,img_765907418.jpg
233,319283927,img_319283927.jpg
234,1149336040,img_1149336040.jpg
235,1820751873,img_1820751873.jpg
236,1526205735,img_1526205735.jpg
237,1508313179,img_1508313179.jpg
238,2103449899,img_2103449899.jpg
239,1010744379,img_1010744379.jpg
240,1819884998,img_1819884998.jpg
241,737645014,img_737645014.jpg
242,1628062380,img_1628062380.jpg
243,1315639914,img_1315639914.jpg
244,1971417368,img_1971417368.jpg
245,1124200556,img_1124200556.jpg
246,40214790,img_40214790.jpg
247,464711241,img_464711241.jpg
248,333709360,img_333709360.jpg
249,1659146784,img_1659146784.jpg
250,847704808,img_847704808.jpg
251,380630894,img_380630894.jpg
252,885106140,img_885106140.jpg
253,1270594295,img_1270594295.jpg
254,362893001,img_362893001.jpg
255,1898310990,img_1898310990.jpg
256,1929062368,img_1929062368.jpg
257,194881290,img_194881290.jpg
258,766809278,img_766809278.jpg
259,257431978,img_257431978.jpg
260,1670251538,img_1670251538.jpg
261,1225602906,img_1225602906.jpg
262,1612015953,img_1612015953.jpg
263,1376306706,img_1376306706.jpg
264,1881115016,img_1881115016.jpg
265,728601756,img_728601756.jpg
266,1555523981,img_1555523981.jpg
267,1055906813,img_1055906813.jpg
268,53364124,img_53364124.jpg
269,1134856683,img_1134856683.jpg
270,1892452780,img_1892452780.jpg
271,811926054,img_811926054.jpg
272,1752772939,img_1752772939.jpg
273,1652264343,img_1652264343.jpg
274,1659472224,img_1659472224.jpg
275,380688057,img_380688057.jpg
276,300040240,img_300040240.jpg
277,1836714403,img_1836714403.jpg
278,857914980,img_857914980.jpg
279,915629727,img_915629727.jpg
280,1199921635,img_1199921635.jpg
281,1968267689,img_1968267689.jpg
282,1209469147,img_1209469147.jpg
283,1291622176,img_1291622176.jpg
284,1220190269,img_1220190269.jpg
285,43084759,img_43084759.jpg
286,638564534,img_638564534.jpg
287,508577305,img_508577305.jpg
288,1479021464,img_1479021464.jpg
289,1771586004,img_1771586004.jpg
290,1527887898,img_1527887898.jpg
291,207061157,img_207061157.jpg
292,1420734654,img_1420734654.jpg
293,1824553936,img_1824553936.jpg
294,268411878,img_268411878.jpg
295,1722856175,img_1722856175.jpg
296,2015784598,img_2015784598.jpg
297,1232707271,img_1232707271.jpg
298,2086872414,img_2086872414.jpg
299,814477982,img_814477982.jpg
300,814477982,img_814477982.jpg
301,1842607761,img_1842607761.jpg
302,938061652,img_938061652.jpg
303,1222268368,img_1222268368.jpg
304,614081504,img_614081504.jpg
305,1099088876,img_1099088876.jpg
306,1424432578,img_1424432578.jpg
307,1157050939,img_1157050939.jpg
308,1263911406,img_1263911406.jpg
309,1154877208,img_1154877208.jpg
310,1220932034,img_1220932034.jpg
311,854989663,img_854989663.jpg
312,1254202364,img_1254202364.jpg
313,2108256238,img_2108256238.jpg
314,876876486,img_876876486.jpg
315,658384730,img_658384730.jpg
316,2047084002,img_2047084002.jpg
317,104194349,img_104194349.jpg
318,620421222,img_620421222.jpg
319,519254919,img_519254919.jpg
320,1955850391,img_1955850391.jpg
321,1260124804,img_1260124804.jpg
322,646213659,img_646213659.jpg
323,599591799,img_599591799.jpg
324,622702802,img_622702802.jpg
325,1774309614,img_1774309614.jpg
326,2067083805,img_2067083805.jpg
327,498149813,img_498149813.jpg
328,209915152,img_209915152.jpg
329,1273767597,img_1273767597.jpg
330,476297496,img_476297496.jpg
331,1459973818,img_1459973818.jpg
332,1713064119,img_1713064119.jpg
333,503679787,img_503679787.jpg
334,1115301075,img_1115301075.jpg
335,910688860,img_910688860.jpg
336,2099223267,img_2099223267.jpg
337,1162144622,img_1162144622.jpg
338,489493058,img_489493058.jpg
339,2055414879,img_2055414879.jpg
340,936619896,img_936619896.jpg
341,1513644157,img_1513644157.jpg
342,1283893407,img_1283893407.jpg
343,305444630,img_305444630.jpg
344,552985369,img_552985369.jpg
345,1700128575,img_1700128575.jpg
346,1696603292,img_1696603292.jpg
347,414307665,img_414307665.jpg
348,1019612496,img_1019612496.jpg
349,1704049792,img_1704049792.jpg
350,402766940,img_402766940.jpg
351,52454022,img_52454022.jpg
352,757494822,img_757494822.jpg
353,1990218937,img_1990218937.jpg
354,1505277360,img_1505277360.jpg
355,1849056287,img_1849056287.jpg
356,881269531,img_881269531.jpg
357,1807087169,img_1807087169.jpg
358,992488022,img_992488022.jpg
359,1615621104,img_1615621104.jpg
360,1068757549,img_1068757549.jpg
361,963254700,img_963254700.jpg
362,1443516203,img_1443516203.jpg
363,943248546,img_943248546.jpg
364,809039637,img_809039637.jpg
365,1942000877,img_1942000877.jpg
366,1745292830,img_1745292830.jpg
367,1485039499,img_1485039499.jpg
368,1437637720,img_1437637720.jpg
369,1158029081,img_1158029081.jpg
370,1935683295,img_1935683295.jpg
371,1882420593,img_1882420593.jpg
372,114123606,img_114123606.jpg
373,2044421987,img_2044421987.jpg
374,1075493585,img_1075493585.jpg
375,258110470,img_258110470.jpg
376,386214329,img_386214329.jpg
377,563675511,img_563675511.jpg
378,852522311,img_852522311.jpg
379,1194050890,img_1194050890.jpg
380,581765044,img_581765044.jpg
381,1327839847,img_1327839847.jpg
382,1270070423,img_1270070423.jpg
383,1841122138,img_1841122138.jpg
384,749934279,img_749934279.jpg
385,2115895369,img_2115895369.jpg
386,2099734596,img_2099734596.jpg
387,899632171,img_899632171.jpg
388,866737988,img_866737988.jpg
389,2089621665,img_2089621665.jpg
390,1985881502,img_1985881502.jpg
391,308107436,img_308107436.jpg
392,5648690,img_5648690.jpg
393,321104489,img_321104489.jpg
394,870752846,img_870752846.jpg
395,1224757664,img_1224757664.jpg
396,1112006522,img_1112006522.jpg
397,987028330,img_987028330.jpg
398,1498297606,img_1498297606.jpg
399,39751793,img_39751793.jpg
400,623719510,img_623719510.jpg
401,1338224635,img_1338224635.jpg
402,1585642069,img_1585642069.jpg
403,836618751,img_836618751.jpg
404,1436889076,img_1436889076.jpg
405,430830021,img_430830021.jpg
406,1221269216,img_1221269216.jpg
407,621053692,img_621053692.jpg
408,662488370,img_662488370.jpg
409,1115437077,img_1115437077.jpg
410,1904707607,img_1904707607.jpg
411,1261382912,img_1261382912.jpg
412,1792833985,img_1792833985.jpg
413,313633774,img_313633774.jpg
414,5762201,img_5762201.jpg
415,1600657903,img_1600657903.jpg
416,460584000,img_460584000.jpg
417,207334124,img_207334124.jpg
418,799171115,img_799171115.jpg
419,1494376239,img_1494376239.jpg
420,1888537679,img_1888537679.jpg
421,677577457,img_677577457.jpg
422,769989670,img_769989670.jpg
423,1015725759,img_1015725759.jpg
424,385012608,img_385012608.jpg
425,409129693,img_409129693.jpg
426,607556941,img_607556941.jpg
427,278844069,img_278844069.jpg
428,556736158,img_556736158.jpg
429,1229442572,img_1229442572.jpg
430,1239913476,img_1239913476.jpg
431,638439283,img_638439283.jpg
432,638439283,img_638439283.jpg
433,849006963,img_849006963.jpg
434,1489028382,img_1489028382.jpg
435,316550699,img_316550699.jpg
436,2041519013,img_2041519013.jpg
437,1970462040,img_1970462040.jpg
438,1930025268,img_1930025268.jpg
439,953479078,img_953479078.jpg
440,1972516867,img_1972516867.jpg
441,473217390,img_473217390.jpg
442,1575772922,img_1575772922.jpg
443,118715298,img_118715298.jpg
444,1764206049,img_1764206049.jpg
445,994551010,img_994551010.jpg
446,482238418,img_482238418.jpg
447,413070984,img_413070984.jpg
448,500092457,img_500092457.jpg
449,341421864,img_341421864.jpg
450,1650423243,img_1650423243.jpg
451,1434892478,img_1434892478.jpg
452,64284283,img_64284283.jpg
453,233399776,img_233399776.jpg
454,982170944,img_982170944.jpg
455,609019694,img_609019694.jpg
456,1964032316,img_1964032316.jpg
457,1544754364,img_1544754364.jpg
458,958320466,img_958320466.jpg
459,659864325,img_659864325.jpg
460,1044404777,img_1044404777.jpg
461,1061244190,img_1061244190.jpg
462,1702135999,img_1702135999.jpg
463,1885674684,img_1885674684.jpg
464,1154115059,img_1154115059.jpg
465,356623885,img_356623885.jpg
466,331352984,img_331352984.jpg
467,2081743083,img_2081743083.jpg
468,1345315784,img_1345315784.jpg
469,590311773,img_590311773.jpg
470,217726802,img_217726802.jpg
471,1558857197,img_1558857197.jpg
472,709330297,img_709330297.jpg
473,806678899,img_806678899.jpg
474,758416418,img_758416418.jpg
475,1678854218,img_1678854218.jpg
476,50700454,img_50700454.jpg
477,1681583460,img_1681583460.jpg
478,250807251,img_250807251.jpg
479,1571450454,img_1571450454.jpg
480,1432660645,img_1432660645.jpg
481,161717153,img_161717153.jpg
482,1889581457,img_1889581457.jpg
483,1354955382,img_1354955382.jpg
484,1374225218,img_1374225218.jpg
485,1480014833,img_1480014833.jpg
486,1087891401,img_1087891401.jpg
487,1560352271,img_1560352271.jpg
488,577832122,img_577832122.jpg
489,708519789,img_708519789.jpg
490,2120574442,img_2120574442.jpg
491,2029440073,img_2029440073.jpg
492,1179349246,img_1179349246.jpg
493,2058768699,img_2058768699.jpg
494,534534516,img_534534516.jpg
495,1435917645,img_1435917645.jpg
496,1879010632,img_1879010632.jpg
497,747094957,img_747094957.jpg
498,1426822663,img_1426822663.jpg
499,560523340,img_560523340.jpg
500,6557748,img_6557748.jpg
501,127344705,img_127344705.jpg
502,1455541332,img_1455541332.jpg
503,1508765189,img_1508765189.jpg
504,742635048,img_742635048.jpg
505,1896051463,img_1896051463.jpg
506,1646251333,img_1646251333.jpg
507,1172661868,img_1172661868.jpg
508,1165559598,img_1165559598.jpg
509,1475582453,img_1475582453.jpg
510,540275544,img_540275544.jpg
511,1245457563,img_1245457563.jpg
512,1662555113,img_1662555113.jpg
513,90754949,img_90754949.jpg
514,131644204,img_131644204.jpg
515,1393341174,img_1393341174.jpg
516,1760539573,img_1760539573.jpg
517,250779337,img_250779337.jpg
518,1793902412,img_1793902412.jpg
519,1387776633,img_1387776633.jpg
520,64251710,img_64251710.jpg
521,51125358,img_51125358.jpg
522,219742959,img_219742959.jpg
523,875473229,img_875473229.jpg
524,1591584152,img_1591584152.jpg
525,1413280875,img_1413280875.jpg
526,1193212068,img_1193212068.jpg
527,420418003,img_420418003.jpg
528,1221309042,img_1221309042.jpg
529,313894100,img_313894100.jpg
530,1317542880,img_1317542880.jpg
531,139906957,img_139906957.jpg
532,1529173830,img_1529173830.jpg
533,560033040,img_560033040.jpg
534,58777958,img_58777958.jpg
535,832179394,img_832179394.jpg
536,1819187565,img_1819187565.jpg
537,302371117,img_302371117.jpg
538,763163961,img_763163961.jpg
539,1890024309,img_1890024309.jpg
540,1243028596,img_1243028596.jpg
541,1350121944,img_1350121944.jpg
542,141801415,img_141801415.jpg
543,901805370,img_901805370.jpg
544,921926723,img_921926723.jpg
545,1638387697,img_1638387697.jpg
546,1033610600,img_1033610600.jpg
547,1636015499,img_1636015499.jpg
548,601855481,img_601855481.jpg
549,442867106,img_442867106.jpg
550,930329604,img_930329604.jpg
551,1170644392,img_1170644392.jpg
552,1847540142,img_1847540142.jpg
553,1963001835,img_1963001835.jpg
554,718313491,img_718313491.jpg
555,1412863844,img_1412863844.jpg
556,980547443,img_980547443.jpg
557,1945194456,img_1945194456.jpg
558,1634658510,img_1634658510.jpg
559,803962476,img_803962476.jpg
560,405131892,img_405131892.jpg
561,1111743433,img_1111743433.jpg
562,1152230915,img_1152230915.jpg
563,1053066876,img_1053066876.jpg
564,712317194,img_712317194.jpg
565,2031717744,img_2031717744.jpg
566,1316796012,img_1316796012.jpg
567,622365272,img_622365272.jpg
568,1998490294,img_1998490294.jpg
569,814134617,img_814134617.jpg
570,1747464563,img_1747464563.jpg
571,1570200720,img_1570200720.jpg
572,362883260,img_362883260.jpg
573,798447322,img_798447322.jpg
574,1998657498,img_1998657498.jpg
575,693149854,img_693149854.jpg
576,629820164,img_629820164.jpg
577,693149854,img_693149854.jpg
578,947609585,img_947609585.jpg
579,1646865289,img_1646865289.jpg
580,781634786,img_781634786.jpg
581,408606769,img_408606769.jpg
582,26931741,img_26931741.jpg
583,53446633,img_53446633.jpg
584,1605068989,img_1605068989.jpg
585,1521470933,img_1521470933.jpg
586,639782594,img_639782594.jpg
587,568407541,img_568407541.jpg
588,455541580,img_455541580.jpg
589,41392151,img_41392151.jpg
590,1508467677,img_1508467677.jpg
591,1165350102,img_1165350102.jpg
592,1561680984,img_1561680984.jpg
593,512217187,img_512217187.jpg
594,1079919228,img_1079919228.jpg
595,1081210168,img_1081210168.jpg
596,24585739,img_24585739.jpg
597,649456478,img_649456478.jpg
598,1094816814,img_1094816814.jpg
599,1817031080,img_1817031080.jpg
600,655449986,img_655449986.jpg
601,31990312,img_31990312.jpg
602,1869090445,img_1869090445.jpg
603,639072816,img_639072816.jpg
604,1426692808,img_1426692808.jpg
605,375055740,img_375055740.jpg
606,237522483,img_237522483.jpg
607,1154296566,img_1154296566.jpg
608,1428571283,img_1428571283.jpg
609,1347064876,img_1347064876.jpg
610,1028402942,img_1028402942.jpg
611,1946257438,img_1946257438.jpg
612,1354296659,img_1354296659.jpg
613,727207141,img_727207141.jpg
614,1011484524,img_1011484524.jpg
615,259552555,img_259552555.jpg
616,1964979578,img_1964979578.jpg
617,1301036994,img_1301036994.jpg
618,1192483471,img_1192483471.jpg
619,463500164,img_463500164.jpg
620,460966373,img_460966373.jpg
621,430731749,img_430731749.jpg
622,104886525,img_104886525.jpg
623,2132033865,img_2132033865.jpg
624,1684965587,img_1684965587.jpg
625,235868426,img_235868426.jpg
626,1432939085,img_1432939085.jpg
627,2033913917,img_2033913917.jpg
628,929012256,img_929012256.jpg
629,355178125,img_355178125.jpg
630,884266332,img_884266332.jpg
631,339036629,img_339036629.jpg
632,23202629,img_23202629.jpg
633,1245690139,img_1245690139.jpg
634,196049670,img_196049670.jpg
635,1778911217,img_1778911217.jpg
636,1468219081,img_1468219081.jpg
637,753938291,img_753938291.jpg
638,49187758,img_49187758.jpg
639,1614281393,img_1614281393.jpg
640,764356612,img_764356612.jpg
641,1618577963,img_1618577963.jpg
642,1491339393,img_1491339393.jpg
643,1656954422,img_1656954422.jpg
644,232342863,img_232342863.jpg
645,417568834,img_417568834.jpg
646,1562625215,img_1562625215.jpg
647,2114994351,img_2114994351.jpg
648,1033038940,img_1033038940.jpg
649,924622031,img_924622031.jpg
650,153577409,img_153577409.jpg
651,11515907,img_11515907.jpg
652,267865509,img_267865509.jpg
653,1974583463,img_1974583463.jpg
654,999282614,img_999282614.jpg
655,117603243,img_117603243.jpg
656,1658232651,img_1658232651.jpg
657,1478335956,img_1478335956.jpg
658,1254200464,img_1254200464.jpg
659,1301609564,img_1301609564.jpg
660,1359543,img_1359543.jpg
661,135277043,img_135277043.jpg
662,233653490,img_233653490.jpg
663,376616065,img_376616065.jpg
664,233130483,img_233130483.jpg
665,1448708207,img_1448708207.jpg
666,292083260,img_292083260.jpg
667,1196098734,img_1196098734.jpg
668,1314104762,img_1314104762.jpg
669,545670127,img_545670127.jpg
670,1092551886,img_1092551886.jpg
671,753454870,img_753454870.jpg
672,580198370,img_580198370.jpg
673,1572344790,img_1572344790.jpg
674,975502447,img_975502447.jpg
675,622422362,img_622422362.jpg
676,1173829277,img_1173829277.jpg
677,2098199506,img_2098199506.jpg
678,996059921,img_996059921.jpg
679,394753060,img_394753060.jpg
680,1892417261,img_1892417261.jpg
681,1425947003,img_1425947003.jpg
682,1987850104,img_1987850104.jpg
683,1442558002,img_1442558002.jpg
684,1359191708,img_1359191708.jpg
685,2135609170,img_2135609170.jpg
686,1428509465,img_1428509465.jpg
687,1048281628,img_1048281628.jpg
688,32546212,img_32546212.jpg
689,1317296575,img_1317296575.jpg
690,398189514,img_398189514.jpg
691,321197912,img_321197912.jpg
692,1501832840,img_1501832840.jpg
693,945191265,img_945191265.jpg
694,285221245,img_285221245.jpg
695,245115291,img_245115291.jpg
696,777531044,img_777531044.jpg
697,1465582142,img_1465582142.jpg
698,458734870,img_458734870.jpg
699,1877004323,img_1877004323.jpg
700,216960128,img_216960128.jpg
701,873713203,img_873713203.jpg
702,1605159886,img_1605159886.jpg
703,1130669296,img_1130669296.jpg
704,911668296,img_911668296.jpg
705,107125979,img_107125979.jpg
706,1504595966,img_1504595966.jpg
707,2047210451,img_2047210451.jpg
708,554389695,img_554389695.jpg
709,479603080,img_479603080.jpg
710,660939201,img_660939201.jpg
711,746207878,img_746207878.jpg
712,932781904,img_932781904.jpg
713,1498425025,img_1498425025.jpg
714,1013819116,img_1013819116.jpg
715,892510192,img_892510192.jpg
716,396023321,img_396023321.jpg
717,1800720102,img_1800720102.jpg
718,261229482,img_261229482.jpg
719,1227467198,img_1227467198.jpg
720,103718307,img_103718307.jpg
721,1562164095,img_1562164095.jpg
722,1482717482,img_1482717482.jpg
723,633634440,img_633634440.jpg
724,2099658299,img_2099658299.jpg
725,1174718678,img_1174718678.jpg
726,136735499,img_136735499.jpg
727,1230565106,img_1230565106.jpg
728,1272046556,img_1272046556.jpg
729,667116317,img_667116317.jpg
730,1465471090,img_1465471090.jpg
731,582812962,img_582812962.jpg
732,582812962,img_582812962.jpg
733,169135519,img_169135519.jpg
734,1383891411,img_1383891411.jpg
735,746976453,img_746976453.jpg
736,587701711,img_587701711.jpg
737,992953462,img_992953462.jpg
738,1943598450,img_1943598450.jpg
739,243781468,img_243781468.jpg
740,830936412,img_830936412.jpg
741,1273739996,img_1273739996.jpg
742,1095479214,img_1095479214.jpg
743,442800257,img_442800257.jpg
744,442800257,img_442800257.jpg
745,1241651171,img_1241651171.jpg
746,1583224225,img_1583224225.jpg
747,1246264356,img_1246264356.jpg
748,1576184145,img_1576184145.jpg
749,710440718,img_710440718.jpg
750,1594062145,img_1594062145.jpg
751,388472572,img_388472572.jpg
752,947847804,img_947847804.jpg
753,632133526,img_632133526.jpg
754,388492732,img_388492732.jpg
755,1364423726,img_1364423726.jpg
756,1364423726,img_1364423726.jpg
757,426094497,img_426094497.jpg
758,684436965,img_684436965.jpg
759,1398082519,img_1398082519.jpg
760,1185304241,img_1185304241.jpg
761,1021913716,img_1021913716.jpg
762,1196022856,img_1196022856.jpg
763,1807643681,img_1807643681.jpg
764,1896453308,img_1896453308.jpg
765,684161875,img_684161875.jpg
766,798285985,img_798285985.jpg
767,622512788,img_622512788.jpg
768,622512788,img_622512788.jpg
769,1743495464,img_1743495464.jpg
770,1163217206,img_1163217206.jpg
771,838578443,img_838578443.jpg
772,997566554,img_997566554.jpg
773,1127368554,img_1127368554.jpg
774,1753705565,img_1753705565.jpg
775,641661170,img_641661170.jpg
776,1766064090,img_1766064090.jpg
777,353440516,img_353440516.jpg
778,1242069351,img_1242069351.jpg
779,2021820574,img_2021820574.jpg
780,1721112090,img_1721112090.jpg
781,1278858216,img_1278858216.jpg
782,1128903243,img_1128903243.jpg
783,573306410,img_573306410.jpg
784,1131176492,img_1131176492.jpg
785,1665490600,img_1665490600.jpg
786,217564291,img_217564291.jpg
787,1609498808,img_1609498808.jpg
788,2004074587,img_2004074587.jpg
789,1974446562,img_1974446562.jpg
790,1869275701,img_1869275701.jpg
791,2140329366,img_2140329366.jpg
792,2025535085,img_2025535085.jpg
793,706778673,img_706778673.jpg
794,1562571268,img_1562571268.jpg
795,276644869,img_276644869.jpg
796,60722704,img_60722704.jpg
797,1146217558,img_1146217558.jpg
798,1751626881,img_1751626881.jpg
799,688861428,img_688861428.jpg
800,1295664274,img_1295664274.jpg
801,644307016,img_644307016.jpg
802,29869401,img_29869401.jpg
803,1510724455,img_1510724455.jpg
804,29869401,img_29869401.jpg
805,1961942410,img_1961942410.jpg
806,277344600,img_277344600.jpg
807,486484022,img_486484022.jpg
808,1214373177,img_1214373177.jpg
809,17567816,img_17567816.jpg
810,1019524149,img_1019524149.jpg
811,456289140,img_456289140.jpg
812,1717706453,img_1717706453.jpg
813,1333776939,img_1333776939.jpg
814,1441113579,img_1441113579.jpg
815,1910736408,img_1910736408.jpg
816,79803724,img_79803724.jpg
817,617013403,img_617013403.jpg
818,1668591544,img_1668591544.jpg
819,1855851524,img_1855851524.jpg
820,503061303,img_503061303.jpg
821,1820933635,img_1820933635.jpg
822,1444772998,img_1444772998.jpg
823,333996656,img_333996656.jpg
824,1433411596,img_1433411596.jpg
825,945478812,img_945478812.jpg
826,897539071,img_897539071.jpg
827,844715255,img_844715255.jpg
828,21084338,img_21084338.jpg
829,783177093,img_783177093.jpg
830,880311150,img_880311150.jpg
831,585673348,img_585673348.jpg
832,1621361749,img_1621361749.jpg
833,755682606,img_755682606.jpg
834,1212241147,img_1212241147.jpg
835,1924541323,img_1924541323.jpg
836,707056516,img_707056516.jpg
837,20292077,img_20292077.jpg
838,877189294,img_877189294.jpg
839,1771079491,img_1771079491.jpg
840,313463814,img_313463814.jpg
841,1044110693,img_1044110693.jpg
842,1605993044,img_1605993044.jpg
843,1250059002,img_1250059002.jpg
844,1337153186,img_1337153186.jpg
845,1744036912,img_1744036912.jpg
846,8500897,img_8500897.jpg
847,105638581,img_105638581.jpg
848,368104217,img_368104217.jpg
849,1128317324,img_1128317324.jpg
850,826538239,img_826538239.jpg
851,1541490478,img_1541490478.jpg
852,966295865,img_966295865.jpg
853,1893348985,img_1893348985.jpg
854,1619698535,img_1619698535.jpg
855,546324820,img_546324820.jpg
856,2045124140,img_2045124140.jpg
857,522622447,img_522622447.jpg
858,1825677409,img_1825677409.jpg
859,575852954,img_575852954.jpg
860,1757442827,img_1757442827.jpg
861,1792137610,img_1792137610.jpg
862,562841473,img_562841473.jpg
863,1532113044,img_1532113044.jpg
864,1757442827,img_1757442827.jpg
865,147520333,img_147520333.jpg
866,1134379730,img_1134379730.jpg
867,1453039869,img_1453039869.jpg
868,943903312,img_943903312.jpg
869,1580990932,img_1580990932.jpg
870,551923658,img_551923658.jpg
871,120811424,img_120811424.jpg
872,1153457965,img_1153457965.jpg
873,998660161,img_998660161.jpg
874,2142804468,img_2142804468.jpg
875,1573037100,img_1573037100.jpg
876,148890047,img_148890047.jpg
877,451521905,img_451521905.jpg
878,913285336,img_913285336.jpg
879,1573037100,img_1573037100.jpg
880,37811514,img_37811514.jpg
881,1544613003,img_1544613003.jpg
882,559118629,img_559118629.jpg
883,1810680522,img_1810680522.jpg
884,2104613825,img_2104613825.jpg
885,763322440,img_763322440.jpg
886,633366269,img_633366269.jpg
887,95510358,img_95510358.jpg
888,1800473179,img_1800473179.jpg
889,2063687142,img_2063687142.jpg
890,1547429221,img_1547429221.jpg
891,95510358,img_95510358.jpg
892,1771258186,img_1771258186.jpg
893,465701141,img_465701141.jpg
894,1670062970,img_1670062970.jpg
895,386591460,img_386591460.jpg
896,380677367,img_380677367.jpg
897,1567226167,img_1567226167.jpg
898,191287212,img_191287212.jpg
899,14174404,img_14174404.jpg
900,1340376351,img_1340376351.jpg
901,1828540537,img_1828540537.jpg
902,1363371356,img_1363371356.jpg
903,292609376,img_292609376.jpg
904,892996193,img_892996193.jpg
905,1125877043,img_1125877043.jpg
906,1457541530,img_1457541530.jpg
907,1846699775,img_1846699775.jpg
908,1095672571,img_1095672571.jpg
909,423645581,img_423645581.jpg
910,1927233758,img_1927233758.jpg
911,403740667,img_403740667.jpg
912,359165676,img_359165676.jpg
913,614185969,img_614185969.jpg
914,1820164775,img_1820164775.jpg
915,1919086649,img_1919086649.jpg
916,93546831,img_93546831.jpg
917,2133206109,img_2133206109.jpg
918,333773471,img_333773471.jpg
919,1198577436,img_1198577436.jpg
920,2133348699,img_2133348699.jpg
921,438640395,img_438640395.jpg
922,507610266,img_507610266.jpg
923,1244569324,img_1244569324.jpg
924,2080525814,img_2080525814.jpg
925,1212267642,img_1212267642.jpg
926,768557892,img_768557892.jpg
927,855292542,img_855292542.jpg
928,1126218454,img_1126218454.jpg
929,1668628378,img_1668628378.jpg
930,1065199995,img_1065199995.jpg
931,1176672618,img_1176672618.jpg
932,1856199002,img_1856199002.jpg
933,57078274,img_57078274.jpg
934,1440880915,img_1440880915.jpg
935,716517718,img_716517718.jpg
936,2037282999,img_2037282999.jpg
937,953047676,img_953047676.jpg
938,436235887,img_436235887.jpg
939,417085843,img_417085843.jpg
940,326468283,img_326468283.jpg
941,685736653,img_685736653.jpg
942,226757785,img_226757785.jpg
943,2126189774,img_2126189774.jpg
944,999547675,img_999547675.jpg
945,307907093,img_307907093.jpg
946,377308001,img_377308001.jpg
947,160053502,img_160053502.jpg
948,1602068260,img_1602068260.jpg
949,35672713,img_35672713.jpg
950,180928633,img_180928633.jpg
951,1794723653,img_1794723653.jpg
952,117541469,img_117541469.jpg
953,1033566469,img_1033566469.jpg
954,1545188094,img_1545188094.jpg
955,2013132876,img_2013132876.jpg
956,372510851,img_372510851.jpg
957,558867489,img_558867489.jpg
958,202297513,img_202297513.jpg
959,1892086287,img_1892086287.jpg
960,1418787988,img_1418787988.jpg
961,1583298427,img_1583298427.jpg
962,366388602,img_366388602.jpg
963,1713951219,img_1713951219.jpg
964,1544238961,img_1544238961.jpg
965,2025546930,img_2025546930.jpg
966,1459220167,img_1459220167.jpg
967,1330893133,img_1330893133.jpg
968,779811223,img_779811223.jpg
969,14395811,img_14395811.jpg
970,467735865,img_467735865.jpg
971,263885582,img_263885582.jpg
972,1772715663,img_1772715663.jpg
973,533537066,img_533537066.jpg
974,1990155082,img_1990155082.jpg
975,1353413184,img_1353413184.jpg
976,358610436,img_358610436.jpg
977,1939055363,img_1939055363.jpg
978,364247289,img_364247289.jpg
979,1144454448,img_1144454448.jpg
980,1488594027,img_1488594027.jpg
981,1656427899,img_1656427899.jpg
982,1378517265,img_1378517265.jpg
983,1339278934,img_1339278934.jpg
984,1339278934,img_1339278934.jpg
985,2051827639,img_2051827639.jpg
986,679391779,img_679391779.jpg
987,182797108,img_182797108.jpg
988,1679140186,img_1679140186.jpg
989,819463282,img_819463282.jpg
990,1798048095,img_1798048095.jpg
991,1962504973,img_1962504973.jpg
992,1588355384,img_1588355384.jpg
993,20360164,img_20360164.jpg
994,232414218,img_232414218.jpg
995,134445980,img_134445980.jpg
996,597609258,img_597609258.jpg
997,1841474934,img_1841474934.jpg
998,521649929,img_521649929.jpg
999,2028485049,img_2028485049.jpg
1000,1651692452,img_1651692452.jpg
1001,1768802515,img_1768802515.jpg
1002,1576801673,img_1576801673.jpg
1003,1354408439,img_1354408439.jpg
1004,765304602,img_765304602.jpg
1005,342485581,img_342485581.jpg
1006,1683861035,img_1683861035.jpg
1007,1028381917,img_1028381917.jpg
1008,1508521435,img_1508521435.jpg
1009,647256714,img_647256714.jpg
1010,1732541027,img_1732541027.jpg
1011,1062173178,img_1062173178.jpg
1012,1084074557,img_1084074557.jpg
1013,385214902,img_385214902.jpg
1014,864432744,img_864432744.jpg
1015,98172450,img_98172450.jpg
1016,1153388548,img_1153388548.jpg
1017,226245746,img_226245746.jpg
1018,761504813,img_761504813.jpg
1019,986663293,img_986663293.jpg
1020,986663293,img_986663293.jpg
1021,2132783571,img_2132783571.jpg
1022,745893041,img_745893041.jpg
1023,1118212491,img_1118212491.jpg
1024,947118202,img_947118202.jpg
1025,580547430,img_580547430.jpg
1026,294893316,img_294893316.jpg
1027,1581443828,img_1581443828.jpg
1028,2041867839,img_2041867839.jpg
1029,908603297,img_908603297.jpg
1030,1431032382,img_1431032382.jpg
1031,21991528,img_21991528.jpg
1032,21991528,img_21991528.jpg
1033,986499990,img_986499990.jpg
1034,1757373250,img_1757373250.jpg
1035,433957088,img_433957088.jpg
1036,317864621,img_317864621.jpg
1037,158237306,img_158237306.jpg
1038,1261621564,img_1261621564.jpg
1039,1343835759,img_1343835759.jpg
1040,550989383,img_550989383.jpg
1041,636775500,img_636775500.jpg
1042,783513309,img_783513309.jpg
1043,1520440255,img_1520440255.jpg
1044,2046222836,img_2046222836.jpg
1045,1520440255,img_1520440255.jpg
1046,508522873,img_508522873.jpg
1047,1948373850,img_1948373850.jpg
1048,303895022,img_303895022.jpg
1049,489687096,img_489687096.jpg
1050,2111625934,img_2111625934.jpg
1051,1497318164,img_1497318164.jpg
1052,166728983,img_166728983.jpg
1053,874548753,img_874548753.jpg
1054,567961065,img_567961065.jpg
1055,320324183,img_320324183.jpg
1056,177197762,img_177197762.jpg
1057,1722733353,img_1722733353.jpg
1058,567961065,img_567961065.jpg
1059,870105642,img_870105642.jpg
1060,2051492198,img_2051492198.jpg
1061,1404338784,img_1404338784.jpg
1062,2075770448,img_2075770448.jpg
1063,605847576,img_605847576.jpg
1064,2073289879,img_2073289879.jpg
1065,1836335569,img_1836335569.jpg
1066,1493884813,img_1493884813.jpg
1067,359503004,img_359503004.jpg
1068,790218132,img_790218132.jpg
1069,31903625,img_31903625.jpg
1070,188845017,img_188845017.jpg
1071,1007127016,img_1007127016.jpg
1072,1903278594,img_1903278594.jpg
1073,675913062,img_675913062.jpg
1074,706971327,img_706971327.jpg
1075,1971020844,img_1971020844.jpg
1076,301082919,img_301082919.jpg
1077,1870420583,img_1870420583.jpg
1078,1905922202,img_1905922202.jpg
1079,1023135221,img_1023135221.jpg
1080,1181054687,img_1181054687.jpg
1081,1504532870,img_1504532870.jpg
1082,1572107461,img_1572107461.jpg
1083,989860525,img_989860525.jpg
1084,1247248685,img_1247248685.jpg
1085,1485099470,img_1485099470.jpg
1086,153531370,img_153531370.jpg
1087,627800438,img_627800438.jpg
1088,535477139,img_535477139.jpg
1089,335792260,img_335792260.jpg
1090,84751258,img_84751258.jpg
1091,1647851823,img_1647851823.jpg
1092,816576415,img_816576415.jpg
1093,335792260,img_335792260.jpg
1094,1886105251,img_1886105251.jpg
1095,366773217,img_366773217.jpg
1096,959632288,img_959632288.jpg
1097,1786092188,img_1786092188.jpg
1098,259106837,img_259106837.jpg
1099,964781263,img_964781263.jpg
1100,989181032,img_989181032.jpg
1101,1904175038,img_1904175038.jpg
1102,315265590,img_315265590.jpg
1103,995236362,img_995236362.jpg
1104,1431902856,img_1431902856.jpg
1105,2068855330,img_2068855330.jpg
1106,87980708,img_87980708.jpg
1107,1481265200,img_1481265200.jpg
1108,307351564,img_307351564.jpg
1109,906136711,img_906136711.jpg
1110,1888257766,img_1888257766.jpg
1111,804070623,img_804070623.jpg
1112,1757686049,img_1757686049.jpg
1113,657241607,img_657241607.jpg
1114,1378003253,img_1378003253.jpg
1115,529305868,img_529305868.jpg
1116,569160202,img_569160202.jpg
1117,847847237,img_847847237.jpg
1118,1021900325,img_1021900325.jpg
1119,1447659875,img_1447659875.jpg
1120,396511864,img_396511864.jpg
1121,1001821522,img_1001821522.jpg
1122,1210015309,img_1210015309.jpg
1123,1437370753,img_1437370753.jpg
1124,767578624,img_767578624.jpg
1125,1419904058,img_1419904058.jpg
1126,1008496526,img_1008496526.jpg
1127,821994248,img_821994248.jpg
1128,1051901112,img_1051901112.jpg
1129,224517418,img_224517418.jpg
1130,1008496526,img_1008496526.jpg
1131,1986363879,img_1986363879.jpg
1132,767578624,img_767578624.jpg
1133,1419904058,img_1419904058.jpg
1134,821994248,img_821994248.jpg
1135,1371043340,img_1371043340.jpg
1136,950517365,img_950517365.jpg
1137,1469011637,img_1469011637.jpg
1138,1465232896,img_1465232896.jpg
1139,876573295,img_876573295.jpg
1140,1131023965,img_1131023965.jpg
1141,2006773596,img_2006773596.jpg
1142,876573295,img_876573295.jpg
1143,1369701804,img_1369701804.jpg
1144,1158160660,img_1158160660.jpg
1145,41497009,img_41497009.jpg
1146,1521313661,img_1521313661.jpg
1147,2049978293,img_2049978293.jpg
1148,1146931034,img_1146931034.jpg
1149,310408821,img_310408821.jpg
1150,886574300,img_886574300.jpg
1151,1907713302,img_1907713302.jpg
1152,1019718862,img_1019718862.jpg
1153,1771784260,img_1771784260.jpg
1154,211660554,img_211660554.jpg
1155,273928923,img_273928923.jpg
1156,1779996184,img_1779996184.jpg
1157,1647745710,img_1647745710.jpg
1158,1159317985,img_1159317985.jpg
1159,1746351622,img_1746351622.jpg
1160,739247227,img_739247227.jpg
1161,809522232,img_809522232.jpg
1162,453499825,img_453499825.jpg
1163,1415433873,img_1415433873.jpg
1164,1006902714,img_1006902714.jpg
1165,547939834,img_547939834.jpg
1166,1006276212,img_1006276212.jpg
1167,539655958,img_539655958.jpg
1168,1107542606,img_1107542606.jpg
1169,1294533734,img_1294533734.jpg
1170,281550824,img_281550824.jpg
1171,1214186789,img_1214186789.jpg
1172,669235377,img_669235377.jpg
1173,2040205073,img_2040205073.jpg
1174,601766042,img_601766042.jpg
1175,1824677826,img_1824677826.jpg
1176,885161458,img_885161458.jpg
1177,1445172879,img_1445172879.jpg
1178,1193143208,img_1193143208.jpg
1179,790897103,img_790897103.jpg
1180,1611431358,img_1611431358.jpg
1181,928805289,img_928805289.jpg
1182,1978171116,img_1978171116.jpg
1183,606371579,img_606371579.jpg
1184,2061834325,img_2061834325.jpg
1185,561475010,img_561475010.jpg
1186,1605546392,img_1605546392.jpg
1187,1148060984,img_1148060984.jpg
