,project_id,lat,lng
0,256941264,22.544267,114.054533
1,374051904,42.892784,-78.676417
2,1193350172,40.713054,-74.007228
3,748081064,25.775084,-80.194702
4,433085097,41.913374,-88.315573
5,1774324319,42.358894,-71.056742
6,1158852071,35.72718,-78.854148
7,1988211895,43.651893,-79.381713
8,1709033713,33.215533,-97.13245
9,1897919106,51.108978,17.032669
10,1706943935,34.052238,-118.243344
11,1849444403,34.052238,-118.243344
12,421037108,52.517037,13.38886
13,1255018306,38.772886,-75.140683
14,1469797223,37.373676,-122.036572
15,1238873268,41.38256,2.177135
16,23152778,39.951061,-75.16562
17,1721395159,51.50015,-0.12624
18,575271961,50.691589,3.174173
19,292832566,43.651893,-79.381713
20,142016465,39.099792,-94.578559
21,125859400,39.962649,-82.996216
22,1239686031,34.095162,-118.126842
23,562276553,51.50015,-0.12624
24,341261114,34.052238,-118.243344
25,1194621676,51.222206,6.912324
26,1213338921,44.795434,-106.955897
27,1151897659,47.996033,-4.102478
28,378747734,48.192309,16.371364
29,329162738,51.50015,-0.12624
30,785030900,44.841223,-0.580022
31,215730319,56.673983,12.857483
32,1799943883,33.659775,-117.999313
33,1323667743,35.333521,139.549376
34,1743386796,39.660057,-75.560876
35,780006612,43.651893,-79.381713
36,270622267,34.052238,-118.243344
37,1919358994,-41.288764,174.777224
38,1944804664,40.692529,-73.990996
39,1517330657,34.052238,-118.243344
40,1382314043,22.264412,114.167061
41,407185063,37.352395,-121.953076
42,1280271002,-34.928634,138.599888
43,1467542810,34.052238,-118.243344
44,2097748129,22.544267,114.054533
45,1069816081,33.748547,-84.391502
46,2119547530,53.430212,14.550978
47,1313878870,59.330761,18.06131
48,1970274571,48.856506,2.352133
49,1428418415,51.39471,-0.73639
50,39900536,34.080294,-118.404679
51,1147057510,37.566601,127.0
52,1446671987,40.116328,-88.243522
53,74599621,39.681656,-75.753614
54,352210887,50.904449,7.401753
55,1316379147,51.50015,-0.12624
56,1409132587,40.713054,-74.007228
57,31718080,-32.60148,151.616138
58,662157087,43.041072,-87.909421
59,446513779,51.50015,-0.12624
60,7922504,45.509062,-73.553363
61,2037927707,4.598048,-74.076087
62,2023975432,34.2367,-77.946197
63,374785399,40.758478,-111.888142
64,98211323,43.651893,-79.381713
65,1183081294,41.893344,12.483072
66,1882083597,52.4776,-2.03981
67,427967675,25.037638,121.564459
68,224052425,51.50015,-0.12624
69,1923400131,33.748547,-84.391502
70,2071684195,40.692529,-73.990996
71,1669984917,52.517037,13.38886
72,428944339,59.330761,18.06131
73,2031182666,22.264412,114.167061
74,1345375525,29.760803,-95.369506
75,93028791,42.457067,-71.673784
76,688664511,51.39016,-2.43625
77,1972917609,39.161912,-75.524704
78,1927900629,44.493671,11.343035
79,999096620,41.222761,-111.970419
80,1070469355,46.30345,4.832507
81,245959053,40.713054,-74.007228
82,1602201731,39.290443,-76.612333
83,2127496022,40.713054,-74.007228
84,1973270418,49.148089,-0.598307
85,843160452,46.782882,-92.105457
86,834529356,38.903484,-77.262818
87,975435216,52.231924,21.006727
88,40736229,37.656667,-121.878923
89,1401134515,37.39008,-122.08139
90,451006338,34.052238,-118.243344
91,591865170,27.947423,-82.458776
92,52093272,40.713054,-74.007228
93,1944209846,41.38256,2.177135
94,1063410034,52.57693,-0.30518
95,315155369,59.330761,18.06131
96,2125680802,22.544267,114.054533
97,1770512919,41.38256,2.177135
98,1882205910,51.22111,4.399708
99,558711776,43.651893,-79.381713
100,29982071,22.264412,114.167061
101,1267026621,53.48071,-2.23438
102,127406154,46.555628,15.64477
103,939988045,51.046362,-114.05803
104,1685580009,47.603229,-122.33028
105,228818156,40.416705,-3.703583
106,318188028,51.50015,-0.12624
107,1154515280,39.649436,-104.98891
108,2147283197,22.264412,114.167061
109,491567983,45.631061,-122.671567
110,1532868204,22.264412,114.167061
111,1327426745,53.80924,-1.72428
112,113061551,39.469901,-0.375951
113,963109029,43.651893,-79.381713
114,1231028477,39.142187,-77.193402
115,67388287,40.758478,-111.888142
116,252416231,1.290453,103.852038
117,194383029,34.052238,-118.243344
118,2142947846,29.794857,-95.816531
119,1775094193,49.263566,-123.138572
120,1700912685,37.78008,-122.420168
121,2017886013,40.713054,-74.007228
122,1448747951,39.744432,-75.5451
123,1368255520,53.546135,-113.491213
124,2062262907,33.767168,-118.193723
125,260164916,51.54399,0.00169
126,707374949,22.264412,114.167061
127,1610074604,-33.928905,18.417249
128,850919392,47.618645,-65.649675
129,83985592,51.50015,-0.12624
130,359814856,48.856506,2.352133
131,59746464,52.25019,0.71384
132,393914275,34.098301,-118.325798
133,876623115,37.334807,-121.888128
134,580090499,51.507322,-0.127647
135,854102932,55.03957,-1.56925
136,530241441,41.38256,2.177135
137,1824759594,40.758478,-111.888142
138,848747332,43.041072,-87.909421
139,370705383,51.50015,-0.12624
140,1539478684,52.19697,-1.04484
141,866946931,50.444519,18.855476
142,21632226,54.84096,-1.54287
143,594874978,55.686724,12.570069
144,1377311403,35.084248,-106.649241
145,1240770500,51.50015,-0.12624
146,1153626580,52.231924,21.006727
147,729104947,32.640071,-117.084042
148,209599318,47.918468,106.917702
149,1153675563,40.713054,-74.007228
150,632552919,40.442169,-79.994945
151,349186833,53.92481,-1.53277
152,626102641,40.692529,-73.990996
153,1316390692,39.290443,-76.612333
154,611249794,48.856506,2.352133
155,1131084395,34.052238,-118.243344
156,691828177,34.052238,-118.243344
157,1670488420,38.630276,-90.200309
158,647005204,55.585523,11.244414
159,2080714919,1.290453,103.852038
160,1844941261,36.169202,-115.140597
161,673765219,37.78008,-122.420168
162,2038622219,45.07092,7.685972
163,1756431015,24.163292,120.64791
164,577767528,43.651893,-79.381713
165,2131943868,51.50015,-0.12624
166,961657964,57.637936,18.297982
167,2090478499,29.425173,-98.494599
168,1408932703,34.052238,-118.243344
169,1198601238,42.326401,-71.400002
170,1364902150,34.052238,-118.243344
171,1149336040,42.422372,-76.461572
172,959525614,51.50015,-0.12624
173,1705278338,53.546135,-113.491213
174,324280277,35.373405,-119.018911
175,1152335627,38.251488,-122.049851
176,564536812,56.3181,-2.70414
177,678659565,34.052238,-118.243344
178,1977177512,46.049865,14.506892
179,430515936,40.442169,-79.994945
180,45270179,39.649436,-104.98891
181,1740554502,22.264412,114.167061
182,1805309338,49.263566,-123.138572
183,1161752566,59.437216,24.745369
184,647651357,51.50015,-0.12624
185,1948226465,32.080481,34.780527
186,1820751873,41.505546,-81.6915
187,1268367721,42.525857,-71.760142
188,1175774810,40.713054,-74.007228
189,623142981,22.264412,114.167061
190,920295925,32.790438,-79.8765
191,2067254510,32.71576,-117.163817
192,1195762008,51.50015,-0.12624
193,1402908657,51.50015,-0.12624
194,1949440126,34.052238,-118.243344
195,703188036,42.358894,-71.056742
196,511661122,52.517037,13.38886
197,955060886,44.817879,20.456809
198,1408437174,42.262073,-71.802278
199,186177193,51.39016,-2.43625
200,971445610,40.831681,-75.70839
201,1819884998,34.052238,-118.243344
202,1730212487,42.358894,-71.056742
203,1993308544,33.448204,-112.072585
204,1971417368,38.297242,-122.289405
205,2105160399,34.052238,-118.243344
206,1124200556,39.953394,-74.198149
207,1493467162,22.27916,114.19016
208,1049675999,59.330761,18.06131
209,1209469147,53.7197,-1.62896
210,618721385,22.264412,114.167061
211,1526205735,43.611242,3.876734
212,1803018326,43.769871,11.255576
213,765907418,48.115278,-122.75445
214,1508313179,42.024922,2.879525
215,1932576582,51.213074,4.249424
216,691325831,36.20401,-81.669431
217,518478339,53.48071,-2.23438
218,339585824,30.264979,-97.746598
219,1134856683,32.777977,-96.796215
220,737645014,41.869274,2.41727
221,1362064062,40.713054,-74.007228
222,40214790,38.630276,-90.200309
223,1425329817,51.55391,0.05665
224,1489877183,-37.814255,144.963146
225,1955037305,48.13641,11.57753
226,1376306706,39.760982,-84.192203
227,1929062368,48.856506,2.352133
228,885106140,52.371009,4.900112
229,2103449899,51.50015,-0.12624
230,614081504,-38.382624,142.481419
231,464711241,40.713054,-74.007228
232,1527887898,42.965446,-85.670209
233,1892452780,33.748547,-84.391502
234,854989663,49.263566,-123.138572
235,1956175932,34.052238,-118.243344
236,1752772939,43.281492,2.085571
237,1270594295,51.507322,-0.127647
238,1260124804,43.651893,-79.381713
239,1092516563,38.165463,-76.533899
240,876876486,51.194698,6.435364
241,362893001,38.303297,-77.460658
242,1188113847,42.26547,-72.669022
243,627464795,36.845117,-75.975518
244,1277934562,54.37553,-1.73432
245,194881290,48.38251,-89.245486
246,1713064119,31.554692,-110.281995
247,281109096,39.951061,-75.16562
248,2088756239,37.78008,-122.420168
249,24027617,28.538331,-81.378879
250,643147815,38.297242,-122.289405
251,333709360,32.777977,-96.796215
252,1659146784,34.052238,-118.243344
253,1862711940,52.442683,12.771218
254,1494893605,55.686724,12.570069
255,476297496,46.206736,-119.769211
256,1420734654,40.376761,-111.795867
257,319283927,44.977479,-93.264346
258,910688860,52.517037,13.38886
259,1199921635,49.263566,-123.138572
260,508577305,34.052238,-118.243344
261,2067083805,51.507322,-0.127647
262,1019612496,29.582247,-81.214912
263,380688057,50.449988,30.523494
264,1010744379,51.50015,-0.12624
265,620421222,51.41178,-3.24367
266,811926054,53.39462,-2.66302
267,766809278,53.80924,-1.72428
268,1064827845,22.264412,114.167061
269,1898310990,30.775533,-85.239053
270,1099088876,22.264412,114.167061
271,1225602906,34.414144,-118.554192
272,638564534,48.856506,2.352133
273,1612015953,34.022251,-117.955183
274,1652264343,47.530072,-122.032904
275,38579373,51.50015,-0.12624
276,915629727,41.724109,-81.245167
277,1555523981,51.92385,-0.45885
278,1222268368,43.651893,-79.381713
279,2002970022,55.04423,-1.49304
280,1881115016,51.250559,22.570102
281,40077266,37.884487,-4.779502
282,1263911406,51.50015,-0.12624
283,386214329,53.546135,-113.491213
284,104194349,40.758478,-111.888142
285,2108256238,43.651893,-79.381713
286,2116011561,22.264412,114.167061
287,615403571,37.672111,-122.083963
288,599591799,51.50015,-0.12624
289,1232707271,37.99238,-1.130543
290,1315639914,51.50015,-0.12624
291,2143520275,45.516018,-122.681425
292,489493058,36.10294,-79.506717
293,1771586004,39.711213,-104.819356
294,207061157,51.088195,3.41768
295,1154877208,54.78124,-1.53256
296,1955850391,41.883229,-87.632398
297,1513501615,38.577896,-92.187689
298,857914980,52.06566,-0.77164
299,519254919,-33.713759,150.312163
300,1157050939,43.041072,-87.909421
301,1774309614,52.4776,-2.03981
302,114123606,27.947423,-82.458776
303,646213659,52.371009,4.900112
304,1479021464,45.466797,9.190498
305,1836714403,22.264412,114.167061
306,414307665,22.264412,114.167061
307,380630894,36.612836,138.349349
308,881269531,48.192309,16.371364
309,1686361,47.733346,-122.644161
310,2089621665,40.692529,-73.990996
311,258110470,55.686724,12.570069
312,1849056287,55.83949,-4.22796
313,814477982,34.052238,-118.243344
314,1722856175,25.037638,121.564459
315,1283893407,40.826153,-73.920265
316,728601756,39.951061,-75.16562
317,1659472224,40.758478,-111.888142
318,2015784598,38.031046,-78.474159
319,1220190269,51.225196,6.773751
320,1068757549,37.78008,-122.420168
321,1704049792,50.72739,-3.55209
322,1220932034,42.925592,-71.187145
323,757494822,56.359027,8.616255
324,1824553936,34.052238,-118.243344
325,2115895369,1.290453,103.852038
326,1513644157,42.965446,-85.670209
327,498149813,39.962649,-82.996216
328,300040240,40.692529,-73.990996
329,209915152,40.512715,-75.549535
330,1132327090,32.71576,-117.163817
331,2086872414,-33.854816,151.216454
332,43084759,47.603229,-122.33028
333,1935683295,53.48071,-2.23438
334,460584000,45.516018,-122.681425
335,963254700,38.847183,-77.306292
336,53364124,45.420421,-75.692432
337,2047084002,34.286321,-118.712804
338,5648690,55.686724,12.570069
339,1968267689,54.78311,-1.52317
340,563675511,37.352395,-121.953076
341,268411878,32.71576,-117.163817
342,849006963,49.900496,-97.139309
343,1841122138,19.300728,97.964917
344,52454022,52.37738,-1.49279
345,1807087169,36.169202,-115.140597
346,1585642069,47.322563,5.04118
347,809039637,31.225344,121.488892
348,316550699,34.086058,-81.183247
349,1498297606,47.603229,-122.33028
350,1505277360,59.913269,10.739111
351,1494376239,45.466797,9.190498
352,1254202364,44.943719,-93.094281
353,1162144622,48.856506,2.352133
354,1745292830,47.754466,-122.163237
355,1842607761,33.961767,-118.353336
356,1443516203,30.325968,-81.65676
357,1424432578,44.977479,-93.264346
358,847704808,44.019331,-92.458867
359,305444630,32.492474,131.619586
360,1459973818,29.950621,-90.074948
361,1696603292,35.680071,139.768522
362,64284283,43.047945,-76.147448
363,191363398,36.312475,-119.707024
364,1158029081,47.658999,-117.425022
365,1670251538,52.19697,-1.04484
366,607556941,36.169202,-115.140597
367,473217390,52.4223,-1.73202
368,1354955382,30.264979,-97.746598
369,581765044,50.39119,-4.07788
370,2055414879,22.264412,114.167061
371,1650423243,51.50015,-0.12624
372,943248546,39.104427,-84.513808
373,455430392,32.08059,-81.090103
374,638439283,48.481266,-89.323622
375,1942000877,30.264979,-97.746598
376,1628062380,33.583578,-101.855113
377,1055906813,37.78008,-122.420168
378,2044421987,52.40823,16.933364
379,1489028382,51.28325,-0.62497
380,658384730,34.052238,-118.243344
381,1792833985,25.037638,121.564459
382,207334124,43.651893,-79.381713
383,5762201,-37.814255,144.963146
384,233399776,51.50015,-0.12624
385,1888537679,37.78008,-122.420168
386,2058768699,41.895299,-84.039815
387,870752846,43.651893,-79.381713
388,1194050890,37.215521,-93.292361
389,1044404777,33.685908,-117.824719
390,1700128575,46.088878,-64.775822
391,313633774,36.196549,-119.343523
392,1485039499,32.777977,-96.796215
393,321104489,53.550341,10.000654
394,556736158,59.330761,18.06131
395,308107436,41.883229,-87.632398
396,1508765189,37.540759,-77.433932
397,1154115059,-34.928634,138.599888
398,938061652,47.035534,-122.900827
399,1678854218,33.501871,-117.662766
400,324258591,52.517037,13.38886
401,899632171,33.197963,-96.615024
402,1882420593,34.052238,-118.243344
403,219742959,50.08661,-5.55529
404,749934279,42.81855,-1.644417
405,769989670,37.319314,-122.029264
406,836618751,32.71576,-117.163817
407,992488022,39.104427,-84.513808
408,1529173830,39.744432,-75.5451
409,278844069,39.962649,-82.996216
410,402766940,35.680071,139.768522
411,1115301075,39.738453,-104.984853
412,806678899,47.602879,7.497583
413,958320466,45.66331,-73.886306
414,1374225218,22.264412,114.167061
415,39751793,34.052238,-118.243344
416,161717153,36.034095,-114.984455
417,1702135999,40.713054,-74.007228
418,1280689293,46.241552,-119.117372
419,141801415,52.517037,13.38886
420,852522311,45.420421,-75.692432
421,1111743433,43.873987,-79.259867
422,560033040,51.39016,-2.43625
423,1270070423,37.566601,127.0
424,1930025268,48.856506,2.352133
425,1273767597,39.962649,-82.996216
426,1432660645,58.441239,11.301082
427,430830021,40.346408,-111.910081
428,1600657903,42.358894,-71.056742
429,1224757664,33.659775,-117.999313
430,560523340,53.274412,-9.049063
431,2120574442,40.7719,-73.930603
432,1793902412,52.371009,4.900112
433,609019694,57.706407,11.968629
434,1558857197,40.416705,-3.703583
435,622702802,36.169202,-115.140597
436,2031717744,42.281419,-83.748478
437,1338224635,34.850746,-82.398964
438,1636015499,-3.730451,-38.521799
439,798447322,42.332916,-83.047853
440,1112006522,44.977479,-93.264346
441,866737988,52.517037,13.38886
442,1437637720,48.856506,2.352133
443,237522483,37.78008,-122.420168
444,1575772922,37.78008,-122.420168
445,708519789,35.781295,-78.64167
446,2029440073,41.869274,2.41727
447,1560352271,39.951061,-75.16562
448,1267565844,43.651893,-79.381713
449,250779337,41.893344,12.483072
450,1615621104,46.709681,-92.360461
451,590311773,25.037638,121.564459
452,659864325,39.962649,-82.996216
453,552985369,51.046362,-114.05803
454,1221269216,51.22111,4.399708
455,1327839847,41.883229,-87.632398
456,442867106,36.034095,-114.984455
457,356623885,64.538334,-21.920208
458,413070984,43.651893,-79.381713
459,118715298,49.263566,-123.138572
460,1879010632,22.264412,114.167061
461,1229442572,43.371209,-8.395877
462,1571450454,35.72718,-78.854148
463,662488370,51.50015,-0.12624
464,953479078,25.268352,55.296196
465,1455541332,48.102399,-65.683704
466,709330297,40.713054,-74.007228
467,709330297,40.713054,-74.007228
468,1847540142,-28.6499,153.616592
469,41392151,35.663914,139.697927
470,1243028596,47.368559,8.540443
471,2099734596,38.051104,15.436742
472,655449986,41.869274,2.41727
473,1972516867,38.051104,15.436742
474,1070905616,37.566601,127.0
475,117603243,38.79502,-77.273299
476,1015725759,-38.115656,144.653063
477,1033610600,40.416705,-3.703583
478,929012256,37.677344,-113.061742
479,455541580,45.516018,-122.681425
480,1011484524,37.38863,-5.995317
481,781634786,52.020775,8.530896
482,139906957,32.71576,-117.163817
483,545670127,29.760803,-95.369506
484,677577457,32.739977,-97.340038
485,1638387697,33.161178,-111.563002
486,1412863844,36.169202,-115.140597
487,1165350102,42.937753,-74.190343
488,1963001835,18.446344,-66.07558
489,1964032316,32.77647,-79.931027
490,577832122,51.50015,-0.12624
491,313894100,22.264412,114.167061
492,1238406194,41.883229,-87.632398
493,1970462040,39.166587,-86.534893
494,1165559598,53.546135,-113.491213
495,1544754364,40.713054,-74.007228
496,1434892478,55.605293,13.000157
497,6557748,22.544267,114.054533
498,2041519013,38.956514,-94.737568
499,2114994351,32.777977,-96.796215
500,1985881502,36.213087,-86.306476
501,610724879,38.051104,15.436742
502,1354296659,51.70669,-0.91738
503,1192483471,34.052238,-118.243344
504,901805370,51.594201,7.136807
505,53446633,-33.854816,151.216454
506,50700454,47.658999,-117.425022
507,1760539573,-37.814255,144.963146
508,1889581457,40.416705,-3.703583
509,1061244190,-33.854816,151.216454
510,799171115,55.751634,37.618704
511,1435917645,-27.468968,153.023499
512,500092457,22.33181,113.86913
513,362883260,29.425173,-98.494599
514,1359191708,36.166687,-86.779932
515,875473229,37.334807,-121.888128
516,1475582453,34.850746,-82.398964
517,580198370,34.850746,-82.398964
518,482238418,40.713054,-74.007228
519,1261382912,56.3181,-2.70414
520,994551010,41.765775,-72.673356
521,1426822663,63.430566,10.395193
522,302371117,48.914827,2.267489
523,21535344,33.330732,-111.79034
524,1087891401,36.169202,-115.140597
525,930329604,33.980534,-117.377025
526,622365272,59.913269,10.739111
527,1094816814,45.516018,-122.681425
528,1656954422,22.264412,114.167061
529,1817031080,47.390091,0.68892
530,1301609564,1.290453,103.852038
531,649456478,55.686724,12.570069
532,987028330,29.760803,-95.369506
533,1904707607,43.651893,-79.381713
534,385012608,40.643498,-74.076203
535,51125358,40.759776,-73.817302
536,233130483,53.48071,-2.23438
537,601855481,51.108978,17.032669
538,135277043,53.48071,-2.23438
539,814134617,33.302285,-111.840103
540,1079919228,42.010814,-4.532785
541,1764206049,29.425173,-98.494599
542,1896051463,51.50015,-0.12624
543,1605068989,32.563546,-97.142032
544,639782594,22.264412,114.167061
545,554389695,53.7197,-1.62896
546,1819187565,37.869058,-122.270455
547,23202629,39.099792,-94.578559
548,2099223267,40.713054,-74.007228
549,1239913476,39.993083,-74.787917
550,26931741,50.72739,-3.55209
551,375055740,51.50015,-0.12624
552,417568834,-33.854816,151.216454
553,873713203,54.17191,-0.60577
554,568407541,40.7258,-111.864403
555,1316796012,22.33181,113.86913
556,2081743083,39.290443,-76.612333
557,1436889076,42.224918,-121.780952
558,1345315784,32.350763,-95.300644
559,1347064876,40.35198,-74.660744
560,331352984,46.227274,-116.029241
561,32546212,-33.425018,151.341732
562,1317542880,42.297972,-83.486713
563,1662555113,33.659775,-117.999313
564,693149854,42.039567,-88.283975
565,534534516,51.45769,-0.91201
566,460966373,27.447119,-80.337237
567,512217187,53.550341,10.000654
568,1591584152,1.290453,103.852038
569,2098199506,38.212255,-85.234475
570,718313491,-37.891937,175.469149
571,1646251333,40.442169,-79.994945
572,250807251,40.545556,-111.876935
573,1990218937,51.514227,7.465279
574,932781904,35.680071,139.768522
575,2132033865,-37.814255,144.963146
576,622422362,-36.853467,174.765551
577,420418003,34.052238,-118.243344
578,921926723,40.813599,-96.70261
579,1681583460,51.92385,-0.45885
580,1605159886,50.908303,12.991694
581,587701711,28.538331,-81.378879
582,1115437077,35.680071,139.768522
583,947609585,53.72489,-2.11498
584,1334037853,52.48599,-1.47621
585,1425947003,52.095942,5.110414
586,753938291,26.609859,-80.058568
587,629820164,37.78008,-122.420168
588,1634658510,27.947423,-82.458776
589,1359543,45.420421,-75.692432
590,1173829277,32.739977,-97.340038
591,1350121944,53.48132,-3.02336
592,1393341174,52.06566,-0.77164
593,1961942410,42.332916,-83.047853
594,355178125,35.680071,139.768522
595,58777958,34.052238,-118.243344
596,639072816,48.856506,2.352133
597,1658232651,34.052238,-118.243344
598,90754949,43.659218,-70.256519
599,486484022,52.48627,-1.47751
600,1301036994,21.30992,-157.858158
601,1094489060,43.155708,-77.612547
602,1618577963,56.3181,-2.70414
603,1482717482,59.330761,18.06131
604,1572344790,48.13641,11.57753
605,396023321,39.283308,-80.351446
606,1053066876,43.77195,-88.433826
607,1465471090,40.316102,-74.247544
608,388472572,-33.437913,-70.650456
609,1521470933,32.777977,-96.796215
610,1987850104,39.738453,-104.984853
611,706778673,48.778493,9.180046
612,1272046556,51.50015,-0.12624
613,1964979578,34.052238,-118.243344
614,245115291,42.697721,23.322596
615,1245457563,42.332916,-83.047853
616,1594062145,40.758478,-111.888142
617,1498425025,47.25308,-122.44153
618,2033913917,30.264979,-97.746598
619,1278858216,48.13641,11.57753
620,1398082519,39.738453,-104.984853
621,1465582142,29.760803,-95.369506
622,64251710,50.84392,-2.69341
623,1998490294,45.420421,-75.692432
624,803962476,29.425173,-98.494599
625,1945194456,49.263566,-123.138572
626,1910736408,52.19697,-1.04484
627,1044110693,34.14955,-118.141452
628,1855851524,38.046356,-84.497021
629,1504595966,37.78008,-122.420168
630,60722704,40.825665,-74.108525
631,1605993044,36.977714,-76.430349
632,1196098734,27.947423,-82.458776
633,1317296575,51.52318,-0.15414
634,24585739,50.061947,19.936856
635,1562164095,47.603229,-122.33028
636,947847804,38.995105,-1.855961
637,1048281628,37.804828,-122.27248
638,1428571283,42.464378,14.213943
639,1128903243,40.015831,-105.27927
640,1585311705,41.38256,2.177135
641,339962678,52.371009,4.900112
642,1753705565,46.215624,-63.492676
643,232342863,29.760803,-95.369506
644,104886525,50.08661,-5.55529
645,877189294,1.290453,103.852038
646,1943598450,38.101088,-122.254959
647,924622031,38.892062,-77.019912
648,217726802,36.072701,-79.793899
649,2021820574,39.962649,-82.996216
650,1227467198,55.686724,12.570069
651,632133526,36.169202,-115.140597
652,107125979,52.4776,-2.03981
653,405131892,51.50015,-0.12624
654,127344705,43.615791,-116.201579
655,1432939085,33.860652,-84.339795
656,479603080,39.962649,-82.996216
657,169135519,34.202624,-90.57496
658,169135519,34.202624,-90.57496
659,398189514,30.508556,-97.678805
660,779811223,53.349307,-6.261175
661,684161875,40.758478,-111.888142
662,1778911217,48.065737,13.181955
663,292083260,34.337736,-84.375848
664,1846699775,46.782882,-92.105457
665,1130669296,-33.854816,151.216454
666,1684965587,43.651893,-79.381713
667,1573037100,40.442169,-79.994945
668,1154296566,41.316843,-73.092968
669,966295865,52.4776,-2.03981
670,1245690139,43.651893,-79.381713
671,1570200720,36.97414,-122.028795
672,394753060,41.893344,12.483072
673,540275544,55.686724,12.570069
674,79803724,40.713054,-74.007228
675,763163961,51.50015,-0.12624
676,1295664274,51.14397,-0.57019
677,430731749,33.663857,-117.904765
678,1609498808,51.50015,-0.12624
679,1562625215,42.358894,-71.056742
680,1033038940,46.989583,6.929264
681,1491339393,52.079984,4.311346
682,1820933635,46.814184,-71.207425
683,727207141,51.65699,-0.88734
684,1614281393,40.713054,-74.007228
685,243781468,-28.5534,153.49981
686,1170644392,41.883229,-87.632398
687,1919086649,42.358894,-71.056742
688,1246264356,51.16962,-1.13558
689,1230565106,39.58111,2.709303
690,1196022856,32.77647,-79.931027
691,945191265,45.802426,9.146436
692,1621361749,44.020796,-88.540014
693,1444772998,49.263566,-123.138572
694,1152230915,51.50015,-0.12624
695,1468219081,48.856506,2.352133
696,1387776633,43.465041,-80.523566
697,1021913716,-1.283253,36.817245
698,2004068297,33.748547,-84.391502
699,403740667,44.977479,-93.264346
700,17567816,40.713054,-74.007228
701,712317194,46.139344,-122.940531
702,1869090445,55.686724,12.570069
703,838578443,29.760803,-95.369506
704,844715255,33.447029,-86.788741
705,376616065,50.8128,-1.05983
706,975502447,51.50015,-0.12624
707,1646865289,22.264412,114.167061
708,359165676,41.883229,-87.632398
709,1974583463,22.264412,114.167061
710,1828540537,45.466797,9.190498
711,660939201,22.264412,114.167061
712,573306410,1.290453,103.852038
713,1214373177,39.660057,-75.560876
714,1179349246,34.052238,-118.243344
715,832179394,38.256078,-85.751569
716,2037282999,50.641615,13.46457
717,1164192155,35.680071,139.768522
718,1164192155,35.680071,139.768522
719,1095479214,33.748547,-84.391502
720,2045124140,40.442169,-79.994945
721,14395811,40.692529,-73.990996
722,1747464563,35.910262,-79.055474
723,2002720947,35.084248,-106.649241
724,1441113579,51.50015,-0.12624
725,202297513,35.222936,-80.840161
726,153577409,56.3181,-2.70414
727,1131176492,37.087628,-94.512248
728,755682606,51.48065,-0.06058
729,368104217,36.845117,-75.975518
730,386591460,39.962649,-82.996216
731,377308001,38.046356,-84.497021
732,409265730,54.78205,-1.5278
733,819463282,37.906673,-122.547548
734,999282614,32.777977,-96.796215
735,980547443,37.445103,-122.160363
736,1893348985,34.052238,-118.243344
737,641661170,34.172199,-118.378098
738,1766064090,45.098123,-93.444535
739,1457541530,38.892062,-77.019912
740,758416418,55.686724,12.570069
741,117541469,40.694592,-89.590362
742,1743495464,51.41178,-3.24367
743,551923658,35.996948,-78.899023
744,1665490600,22.264412,114.167061
745,267865509,22.264412,114.167061
746,276644869,41.890679,-70.911692
747,503679787,-37.814255,144.963146
748,35672713,34.052238,-118.243344
749,180928633,41.38256,2.177135
750,1092551886,37.78008,-122.420168
751,1339278934,40.692529,-73.990996
752,1651692452,50.041411,-110.677007
753,2051827639,52.19697,-1.04484
754,2025546930,41.883229,-87.632398
755,2051827639,52.19697,-1.04484
756,1413280875,21.904235,-159.465327
757,1212241147,45.183704,-69.228813
758,1544613003,40.442169,-79.994945
759,1241651171,50.243808,-117.80413
760,1185304241,37.804828,-122.27248
761,1221309042,48.856506,2.352133
762,216960128,37.215521,-93.292361
763,992953462,27.772069,-82.638488
764,417085843,33.448204,-112.072585
765,1588355384,32.221878,-110.971225
766,1442558002,40.713054,-74.007228
767,947118202,-33.854816,151.216454
768,1314104762,48.754899,-122.478122
769,456289140,34.052238,-118.243344
770,1721112090,53.349307,-6.261175
771,742635048,26.614149,-81.825769
772,438640395,-27.468968,153.023499
773,685736653,33.244927,-111.634511
774,1668591544,38.8741,-77.227203
775,2025535085,39.328161,-120.184054
776,1273739996,48.427345,-93.048825
777,388492732,29.760803,-95.369506
778,388492732,29.760803,-95.369506
779,1028381917,40.713054,-74.007228
780,1892417261,36.166687,-86.779932
781,1810680522,1.290453,103.852038
782,259552555,32.77647,-79.931027
783,764356612,53.48071,-2.23438
784,1771079491,42.358894,-71.056742
785,226757785,34.052238,-118.243344
786,1768802515,22.264412,114.167061
787,550989383,38.051104,15.436742
788,745893041,33.021702,-117.280296
789,644307016,49.263566,-123.138572
790,2135609170,35.781295,-78.64167
791,1800720102,43.449787,-80.489089
792,2051492198,39.738453,-104.984853
793,1333776939,51.50015,-0.12624
794,763322440,27.177909,-80.236911
795,777531044,39.633946,-106.075416
796,409129693,40.489629,-111.940017
797,826538239,36.731654,-119.785856
798,303895022,26.016701,-80.204201
799,8500897,27.772069,-82.638488
800,1501832840,51.046362,-114.05803
801,1877004323,51.439528,5.47806
802,1153388548,52.4776,-2.03981
803,1572107461,55.67352,-3.77546
804,1146217558,51.50015,-0.12624
805,1576184145,43.122163,-75.29118
806,423645581,51.434999,6.759562
807,313463814,36.845117,-75.975518
808,1576801673,51.50015,-0.12624
809,1028402942,25.037638,121.564459
810,359503004,26.934145,-80.099736
811,503061303,28.357717,-80.7326
812,1459220167,34.052238,-118.243344
813,1428509465,37.125352,-122.122347
814,1084074557,39.099792,-94.578559
815,1441891494,52.095942,5.110414
816,1903278594,21.30992,-157.858158
817,217564291,40.830866,-73.684175
818,1998657498,48.856506,2.352133
819,2041867839,40.495921,-74.444139
820,1058998599,42.46612,-2.439668
821,1095672571,43.651893,-79.381713
822,261229482,51.50015,-0.12624
823,458734870,51.434999,6.759562
824,458734870,51.434999,6.759562
825,2142804468,37.502608,15.087111
826,233653490,38.892062,-77.019912
827,1924541323,48.778493,9.180046
828,855292542,39.906898,-86.0522
829,1679140186,52.517037,13.38886
830,1744036912,35.680071,139.768522
831,485574310,51.50015,-0.12624
832,1247248685,55.83949,-4.22796
833,982170944,55.605293,13.000157
834,574523975,-43.803772,172.968161
835,463500164,43.4539,5.56092
836,1890024309,39.960339,-76.734668
837,353440516,48.398357,9.992989
838,1771258186,51.41178,-3.24367
839,908603297,39.213641,-76.869905
840,761504813,54.56927,-6.00604
841,1532113044,42.332916,-83.047853
842,617013403,52.517037,13.38886
843,529305868,43.465041,-80.523566
844,2099658299,33.748547,-84.391502
845,1254200464,39.370196,-76.442474
846,892996193,55.83949,-4.22796
847,1547429221,40.713054,-74.007228
848,333773471,-37.814255,144.963146
849,1946257438,45.516018,-122.681425
850,1181054687,52.517037,13.38886
851,1364423726,42.56294,-83.154042
852,906136711,35.142582,-79.016495
853,1698771868,39.951061,-75.16562
854,927418620,37.804828,-122.27248
855,657241607,51.52318,-0.15414
856,507610266,37.804828,-122.27248
857,746207878,35.680071,139.768522
858,675913062,38.209947,-84.559769
859,1128317324,50.061947,19.936856
860,2004074587,51.50015,-0.12624
861,1902621382,51.50015,-0.12624
862,1520440255,49.489591,8.467236
863,1939055363,59.330761,18.06131
864,1856199002,53.48071,-2.23438
865,780895394,48.584614,7.750713
866,1023135221,38.988485,-78.358835
867,1163217206,40.713054,-74.007228
868,1453039869,29.425173,-98.494599
869,2146236363,34.052238,-118.243344
870,366773217,48.856506,2.352133
871,1146931034,51.24916,-0.57172
872,1001821522,29.425173,-98.494599
873,131644204,52.517037,13.38886
874,307907093,51.47134,-3.18967
875,1007127016,50.78487,-3.6472
876,1448708207,37.78008,-122.420168
877,1444109885,41.893344,12.483072
878,1820164775,51.39016,-2.43625
879,1583224225,59.330761,18.06131
880,148890047,45.516018,-122.681425
881,160053502,49.263566,-123.138572
882,1986363879,37.484274,-119.964786
883,1562571268,53.48071,-2.23438
884,884266332,42.607165,-83.929601
885,2133348699,1.290453,103.852038
886,558867489,52.371009,4.900112
887,1478335956,44.833039,-89.608948
888,1962504973,59.913269,10.739111
889,87980708,51.50015,-0.12624
890,622512788,45.509062,-73.553363
891,103718307,48.778493,9.180046
892,1561680984,47.603229,-122.33028
893,547939834,27.947423,-82.458776
894,2104613825,20.781456,-156.462687
895,1580990932,42.297972,-83.486713
896,2063687142,43.041072,-87.909421
897,11515907,45.509062,-73.553363
898,998660161,43.041072,-87.909421
899,465701141,44.150002,-79.8666
900,1885674684,40.713054,-74.007228
901,1668628378,35.084248,-106.649241
902,1469011637,41.893344,12.483072
903,874548753,42.332916,-83.047853
904,1545188094,34.729538,-86.585283
905,317864621,51.56632,0.23494
906,830936412,50.851244,5.690977
907,1127368554,51.87856,-0.19029
908,995236362,33.767168,-118.193723
909,633634440,51.50015,-0.12624
910,426094497,50.449988,30.523494
911,1008496526,19.43253,-99.13321
912,821994248,50.449988,30.523494
913,1772715663,38.582087,-121.50012
914,707056516,51.48065,-0.06058
915,870105642,53.68062,-2.65865
916,1485099470,30.264979,-97.746598
917,1006902714,28.538331,-81.378879
918,366388602,32.08059,-81.090103
919,601766042,51.52318,-0.15414
920,585673348,45.07092,7.685972
921,1504006176,45.694512,9.669839
922,1431032382,43.651893,-79.381713
923,1353413184,40.416705,-3.703583
924,667116317,37.566601,127.0
925,2047210451,40.698269,-74.401749
926,567961065,22.264412,114.167061
927,847847237,40.099562,-83.113812
928,1378517265,54.6402,-1.34954
929,326468283,56.883806,13.29334
930,1418787988,55.05807,-1.596472
931,897539071,36.97414,-122.028795
932,1005645926,34.009286,-81.037094
933,897539071,36.97414,-122.028795
934,1732541027,56.149628,10.213405
935,738926742,-33.854816,151.216454
936,1613257455,43.651893,-79.381713
937,606371579,40.681577,-76.204738
938,98172450,34.94133,-81.0301
939,1656427899,41.308252,-72.924161
940,166728983,51.50015,-0.12624
941,804070623,-37.814255,144.963146
942,147520333,50.08839,8.61764
943,1751626881,60.394346,5.325885
944,753454870,42.358894,-71.056742
945,1807643681,45.516018,-122.681425
946,232414218,43.551208,7.012695
947,335792260,40.713054,-74.007228
948,816576415,52.17467,0.13071
949,1242069351,51.50015,-0.12624
950,273928923,42.593126,-72.227055
951,942641355,39.856068,-4.023957
952,1786092188,40.758478,-111.888142
953,1488594027,40.723598,-73.951401
954,1904175038,57.00626,-3.4004
955,1294533734,38.630276,-90.200309
956,1355250402,51.50015,-0.12624
957,911668296,34.14955,-118.141452
958,395826405,43.651893,-79.381713
959,211660554,22.264412,114.167061
960,1686794097,43.230701,-79.983803
961,394848287,49.263566,-123.138572
962,358610436,51.41178,-3.24367
963,1602068260,38.11127,13.353442
964,1159317985,32.71576,-117.163817
965,264733805,-37.814255,144.963146
966,226245746,42.358894,-71.056742
967,1223599886,53.48071,-2.23438
968,1223599886,53.48071,-2.23438
969,1132383203,48.481266,-89.323622
970,1869275701,33.980534,-117.377025
971,1247694808,37.979103,-122.031333
972,582812962,51.439528,5.47806
973,1250059002,48.856506,2.352133
974,928805289,51.47134,-3.18967
975,20292077,52.02462,-0.70474
976,304197172,41.111099,-75.386703
977,1051901112,28.538331,-81.378879
978,294893316,37.540759,-77.433932
979,402269208,36.169202,-115.140597
980,402269208,36.169202,-115.140597
981,320324183,42.887691,-78.879374
982,1974446562,34.052238,-118.243344
983,1144454448,49.853333,3.224444
984,176257351,43.885262,-70.330687
985,1111551810,35.680071,139.768522
986,428283889,41.38256,2.177135
987,1800712632,40.681577,-76.204738
988,14174404,38.582087,-121.50012
989,627800438,45.466797,9.190498
990,237852013,40.692529,-73.990996
991,892510192,1.290453,103.852038
992,679391779,43.256503,-79.874423
993,996464312,33.448204,-112.072585
994,120811424,40.713054,-74.007228
995,1508521435,48.856506,2.352133
996,188845017,51.50015,-0.12624
997,1545204822,35.222936,-80.840161
998,1800473179,42.201008,-83.150254
999,1426692808,56.3181,-2.70414
1000,1147306820,47.44739,-122.460493
1001,864432744,36.138456,-96.10888
1002,1304950040,54.88212,-1.60078
1003,1841474934,41.893344,12.483072
1004,768557892,47.603229,-122.33028
1005,1757442827,18.079401,-15.978039
1006,1717706453,38.835224,-104.819798
1007,1690464479,45.466797,9.190498
1008,1969430210,44.463452,6.055374
1009,1443843451,43.651893,-79.381713
1010,1134379730,45.420421,-75.692432
1011,569160202,42.588079,-87.822877
1012,1619698535,68.220833,13.576111
1013,2006773596,41.883229,-87.632398
1014,2049978293,47.142045,7.258567
1015,317896104,34.098301,-118.325798
1016,1842397276,34.877429,136.845413
1017,17177673,46.065552,-118.333644
1018,1387577273,47.603229,-122.33028
1019,996151124,43.651893,-79.381713
1020,690361820,35.996948,-78.899023
1021,177197762,51.455206,7.012273
1022,200519663,30.670524,-96.370542
1023,372510851,47.603229,-122.33028
1024,136085590,54.01862,-1.56227
1025,535477139,22.285337,114.150886
1026,213206945,45.986522,4.72661
1027,1758480669,33.748547,-84.391502
1028,2023385727,41.604246,-74.18221
1029,494215957,37.78008,-122.420168
1030,2098911386,44.977479,-93.264346
1031,1081210168,35.838393,-90.710505
1032,1021900325,51.50015,-0.12624
1033,1886105251,41.084821,-81.515607
1034,1373879724,35.680071,139.768522
1035,1713951219,40.193655,-85.386524
1036,134445980,42.281419,-83.748478
1037,684436965,40.713054,-74.007228
1038,1819360741,49.853333,3.224444
1039,408606769,43.155708,-77.612547
1040,913285336,40.416705,-3.703583
1041,1681566244,51.365,-0.4423
1042,1897117262,44.189505,-69.079891
1043,1415666220,41.222761,-111.970419
1044,1521313661,55.605293,13.000157
1045,1321872804,43.45601,-88.841107
1046,1798048095,42.822159,-2.288949
1047,1583298427,39.951061,-75.16562
1048,84751258,43.088606,-70.736268
1049,316698791,30.439923,-97.620959
1050,481443983,51.50015,-0.12624
1051,339972374,43.259229,-81.134387
1052,1166234029,47.603229,-122.33028
1053,562841473,30.264979,-97.746598
1054,64517111,55.83949,-4.22796
1055,829751024,44.571648,-123.277703
1056,37836637,1.290453,103.852038
1057,49187758,40.694592,-89.590362
1058,1706759000,34.052238,-118.243344
1059,342485581,43.651893,-79.381713
1060,196049670,22.544267,114.054533
1061,1544238961,39.951061,-75.16562
1062,442800257,19.43253,-99.13321
1063,67202662,37.804828,-122.27248
1064,647256714,22.264412,114.167061
1065,1043285997,50.852195,2.884605
1066,286887477,40.758478,-111.888142
1067,1065199995,43.48159,-1.556108
1068,747094957,51.50015,-0.12624
1069,361079255,39.469901,-0.375951
1070,470085509,39.738453,-104.984853
1071,1757686049,51.50015,-0.12624
1072,185589397,42.564142,12.640547
1073,136735499,51.15074,-0.97526
1074,710440718,37.78008,-122.420168
1075,158237306,38.630276,-90.200309
1076,2132783571,50.70885,-3.53954
1077,989548611,19.618646,-155.037163
1078,29869401,19.43253,-99.13321
1079,31903625,41.883229,-87.632398
1080,1825677409,35.731888,-77.922737
1081,324527434,36.709074,-81.976964
1082,1538276323,36.155327,-95.992083
1083,865803875,37.975708,-87.569907
1084,829722158,40.713054,-74.007228
1085,1900358066,41.492461,-87.446698
1086,1757373250,1.290453,103.852038
1087,433957088,38.835224,-104.819798
1088,943903312,41.38256,2.177135
1089,1478588025,38.756935,-120.575109
1090,1648614825,53.48071,-2.23438
1091,886574300,47.603229,-122.33028
1092,292609376,49.444789,32.058781
1093,762773276,51.507322,-0.127647
1094,659965961,51.50015,-0.12624
1095,1645282813,30.264979,-97.746598
1096,1481802742,40.518701,-111.931665
1097,103706573,38.954926,-76.945542
1098,719385551,46.419101,-117.019012
1099,993940075,42.912551,-82.455641
1100,1216789158,44.060338,-79.45584
1101,1643760425,43.651893,-79.381713
1102,1541490478,39.960339,-76.734668
1103,1900194115,21.170891,-86.840317
1104,2075770448,40.709282,-73.348689
1105,1674928415,42.892784,-78.676417
1106,84459770,33.330732,-111.79034
1107,986663293,27.488962,-82.562798
1108,1236312965,49.263566,-123.138572
1109,2028485049,49.263566,-123.138572
1110,1354408439,33.423644,-117.617653
1111,2126189774,32.679121,-97.464135
1112,1619795821,36.845117,-75.975518
1113,1854566179,37.78008,-122.420168
1114,772351921,46.201756,6.146601
1115,111377725,33.748547,-84.391502
1116,1437370753,32.777977,-96.796215
1117,1359345463,56.3181,-2.70414
1118,1019718862,37.78008,-122.420168
1119,2011020210,51.50015,-0.12624
1120,105638581,52.671872,7.483054
1121,505715394,-36.853467,174.765551
1122,1895189751,1.290453,103.852038
1123,184091742,37.890797,-122.127474
1124,321197912,47.603229,-122.33028
1125,505715394,-36.853467,174.765551
1126,1870420583,52.4776,-2.03981
1127,1328616540,49.79245,9.932966
1128,1502917136,-37.562263,143.860722
1129,281550824,45.509062,-73.553363
1130,997566554,35.222936,-80.840161
1131,747357698,52.517037,13.38886
1132,21084338,37.341702,138.569944
1133,1836335569,52.234472,-1.081231
1134,21084338,37.341702,138.569944
1135,1836335569,53.62092,-2.14216
1136,885161458,36.169202,-115.140597
1137,284321085,41.449354,2.248254
1138,1771784260,50.140463,8.147547
1139,959632288,41.883229,-87.632398
1140,880311150,47.035534,-122.900827
1141,1510724455,48.856506,2.352133
1142,1221201797,55.686724,12.570069
1143,1126828529,47.218563,-1.560241
1144,533537066,35.282619,-120.660014
1145,1198577436,37.78008,-122.420168
1146,846558620,53.45131,-2.39137
1147,1307306933,46.309464,-79.46163
1148,1652225435,34.748745,-92.275105
1149,1792137610,44.052153,-123.091195
1150,1084017950,43.651893,-79.381713
1151,1415433873,52.951111,-7.801667
1152,2065916926,40.479957,-104.907678
1153,1904952453,41.883229,-87.632398
1154,41497009,40.495921,-74.444139
1155,1855124373,45.07092,7.685972
1156,930473787,49.263566,-123.138572
1157,1647851823,46.669555,11.159419
1158,866646307,40.233677,-111.663926
1159,2040205073,39.026619,-77.203926
1160,1184180275,53.546135,-113.491213
1161,790897103,45.548755,11.549747
1162,1419904058,28.538331,-81.378879
1163,106237464,51.049329,13.738144
1164,1922589551,37.869058,-122.270455
1165,1528475214,49.611277,6.129799
1166,1176672618,20.587837,-100.38799
1167,21991528,41.883229,-87.632398
1168,165854712,27.9489,-82.354401
1169,1030539556,42.280849,-83.3838
1170,1465232896,48.958915,2.896487
1171,955409996,22.264412,114.167061
1172,1030539556,42.280849,-83.3838
1173,1904568402,55.686724,12.570069
1174,1340376351,33.685908,-117.824719
1175,1853143507,41.215014,-75.898809
1176,1595087640,40.442169,-79.994945
1177,1000378344,40.758478,-111.888142
1178,349692297,34.052238,-118.243344
1179,605847576,45.466797,9.190498
1180,744341284,33.748547,-84.391502
1181,633366269,51.507322,-0.127647
1182,633366269,51.50015,-0.12624
1183,1210015309,47.603229,-122.33028
1184,415928711,-33.854816,151.216454
1185,522622447,33.423644,-117.617653
1186,882763860,-38.149281,144.359827
1187,1556808398,43.700936,7.268391
1188,661955484,26.528911,-80.064171
1189,666816918,40.416705,-3.703583
1190,1743486166,38.897916,-121.074314
1191,1604408908,40.715936,-73.986806
1192,955061911,59.913269,10.739111
1193,1779996184,34.052238,-118.243344
1194,204480301,39.469901,-0.375951
1195,585234746,36.096261,-80.243735
1196,1433411596,53.380663,-1.470228
1197,1321562197,-41.288764,174.777224
1198,559118629,33.615967,-117.930378
1199,4838994,22.281816,114.158233
1200,153531370,34.052238,-118.243344
1201,883868368,50.844041,4.367202
1202,2011679403,38.892062,-77.019912
1203,368580464,43.683296,-0.932112
1204,1978121465,54.977092,-1.614206
1205,2008966599,42.141185,-77.05306
1206,1879007216,34.729538,-86.585283
1207,2065594614,41.827366,-86.359548
1208,1107104255,55.686724,12.570069
1209,1092726647,48.856506,2.352133
1210,989860525,33.752173,-84.740746
1211,1794723653,-5.20855,-45.393026
1212,715919615,39.76845,-86.156212
1213,1715746487,-34.424394,150.89385
1214,684265786,55.952205,-3.188661
1215,1988920250,53.145929,-1.021497
1216,865317031,33.748547,-84.391502
1217,1556418730,42.082434,-71.396717
1218,865317031,33.748547,-84.391502
1219,436235887,45.420421,-75.692432
1220,1988920250,53.145929,-1.021497
1221,953047676,32.936354,-98.247408
1222,294569744,45.509062,-73.553363
1223,285221245,49.263566,-123.138572
1224,527366638,51.190127,5.991417
1225,530847466,34.102893,-117.435765
1226,1145544492,1.290453,103.852038
1227,1907713302,50.831885,-0.781845
1228,780490238,52.517037,13.38886
1229,294898121,43.826071,-111.789532
1230,780490238,52.517037,13.38886
1231,1244569324,45.516018,-122.681425
1232,901030296,42.376228,-71.237058
1233,1371043340,45.053475,9.694746
1234,2007231159,52.194144,0.137503
1235,867012110,-33.928905,18.417249
1236,263885582,30.345449,-94.180497
1237,2061834325,55.583333,-3.833333
1238,623719510,37.78008,-122.420168
1239,191287212,35.222936,-80.840161
1240,950517365,40.022598,-74.373497
1241,194811295,51.50015,-0.12624
1242,74780922,28.459782,-16.253638
1243,16076540,52.01701,1.22179
1244,1580646635,34.14955,-118.141452
1245,216755319,40.964788,-2.902611
1246,688017160,48.295916,2.405149
1247,1130385684,37.334807,-121.888128
1248,696456395,51.099884,3.739013
1249,1236820659,33.659775,-117.999313
1250,182797108,44.337876,-68.961917
1251,2073289879,51.897928,-8.470581
1252,398328453,51.50015,-0.12624
1253,1431902856,51.99569,-2.140143
1254,398328453,51.50015,-0.12624
1255,391998302,19.414356,-99.158245
1256,396511864,40.416705,-3.703583
1257,1270159190,42.332916,-83.047853
1258,1404747018,-33.854816,151.216454
1259,614185969,45.509062,-73.553363
1260,1337930924,48.584614,7.750713
1261,20703045,40.713054,-74.007228
1262,658737603,38.994594,-105.051713
1263,1647745710,39.515749,-84.402282
1264,1990155082,32.221878,-110.971225
1265,1662308704,28.654323,-106.083947
1266,415285365,26.124163,-80.143586
1267,964781263,48.856506,2.352133
1268,1635318702,44.428757,-93.204033
1269,716517718,45.30818,-72.65272
1270,539655958,30.412463,-88.798599
1271,764032036,43.651893,-79.381713
1272,1060275548,33.448204,-112.072585
1273,458490052,39.738453,-104.984853
1274,179498802,33.917763,-117.898326
1275,1128524996,43.041072,-87.909421
1276,1896453308,39.45215,-74.727511
1277,765304602,44.646244,-63.573566
1278,71624140,33.748547,-84.391502
1279,936619896,51.365,-0.4423
1280,343108187,45.509062,-73.553363
1281,798285985,26.714439,-80.054947
1282,31990312,37.78008,-122.420168
1283,707930253,41.712487,-72.663607
1284,494667580,52.916223,-1.462759
1285,1091394927,40.828809,-74.240818
1286,1895199019,40.588972,-105.082459
1287,598027266,54.06514,-2.88124
1288,885769586,41.893344,12.483072
1289,1473548730,1.290453,103.852038
1290,989181032,51.1289,-0.01576
1291,1584461531,48.856506,2.352133
1292,1006276212,53.84292,-0.42766
1293,1242420934,46.135319,9.370782
1294,1378003253,45.160255,8.290533
1295,1214186789,33.448204,-112.072585
1296,2077154004,34.052238,-118.243344
1297,310408821,42.266802,-89.088377
1298,1892086287,51.507322,-0.127647
1299,1504821839,25.775084,-80.194702
1300,1715814657,26.231477,-80.126118
1301,401726671,43.208452,-71.536941
1302,468811150,48.856506,2.352133
1303,703692483,33.752173,-84.740746
1304,401726671,43.208452,-71.536941
1305,337397575,52.631683,-1.12428
1306,1085005522,41.051924,-73.539475
1307,301082919,40.713054,-74.007228
1308,93546831,37.38863,-5.995317
1309,1892514213,21.12186,-101.682508
1310,739247227,51.91748,-0.43891
1311,876293225,37.686024,-97.335571
1312,2013132876,34.099737,-117.650985
1313,1273222491,47.603229,-122.33028
1314,739247227,51.91748,-0.43891
1315,894670451,51.50015,-0.12624
1316,246003717,48.856506,2.352133
1317,2132037509,48.856506,2.352133
1318,1252475124,45.516018,-122.681425
1319,1009414080,39.469901,-0.375951
1320,367988774,38.402084,-122.824191
1321,1406251018,42.604455,-95.002266
1322,1882795923,51.52929,0.02688
1323,157430507,50.387631,8.06362
1324,508522873,39.104427,-84.513808
1325,1447659875,37.215521,-93.292361
1326,496886225,43.659218,-70.256519
1327,1640472081,51.50015,-0.12624
1328,2080525814,48.856506,2.352133
1329,778231128,52.60516,-1.19297
1330,729576485,27.947423,-82.458776
1331,736345156,33.748547,-84.391502
1332,259106837,43.46231,-3.810107
1333,474641326,38.051104,15.436742
1334,744045037,36.393157,-97.87832
1335,295095913,41.883229,-87.632398
1336,1411479401,51.455206,7.012273
1337,1107542606,56.21615,-3.18944
1338,1083249311,42.965446,-85.670209
1339,625911988,38.835224,-104.819798
1340,1411479401,51.455206,7.012273
1341,743930793,-27.468968,153.023499
1342,216049660,54.983576,-3.263174
1343,1067302771,55.605293,13.000157
1344,242821481,49.263566,-123.138572
1345,864948427,31.76006,-106.492257
1346,1470385957,43.659218,-70.256519
1347,507772009,38.582087,-121.50012
1348,1824677826,40.713054,-74.007228
1349,421916973,33.834492,-117.915638
1350,792327180,59.330761,18.06131
1351,783513309,50.844041,4.367202
1352,1379738741,25.775084,-80.194702
1353,352875350,38.232474,-122.636846
1354,1179518878,38.996088,-77.028121
1355,1151651194,-33.854816,151.216454
1356,224517418,39.44358,-91.060313
1357,561475010,30.264979,-97.746598
1358,1448694489,-36.080477,146.91628
1359,250224748,52.050486,1.144884
1360,229716144,42.984267,-81.247534
1361,944266386,-37.814255,144.963146
1362,1398323800,52.517037,13.38886
1363,597609258,40.713054,-74.007228
1364,1605546392,48.856506,2.352133
1365,1896863045,40.852269,-74.827567
1366,455898480,33.748547,-84.391502
1367,2122853977,27.796416,-97.404131
1368,809522232,33.748547,-84.391502
1369,2017438917,47.673517,-116.784122
1370,427414232,52.374478,9.738553
1371,84786855,40.713054,-74.007228
1372,182041529,51.11304,0.88232
1373,945478812,50.66332,-3.43175
1374,191624417,59.330761,18.06131
1375,1751162276,46.049865,14.506892
1376,984433208,40.844116,14.2423
1377,1016900870,45.757598,4.832332
1378,1515112232,25.775084,-80.194702
1379,361927207,36.169202,-115.140597
1380,1402947768,32.52882,-117.036835
1381,197986612,51.50015,-0.12624
1382,266881512,32.739977,-97.340038
1383,78002265,31.796816,35.213782
1384,783207640,53.5425,-2.62138
1385,1973447019,25.775084,-80.194702
1386,1383891411,41.588822,-93.620309
1387,1895103038,51.50015,-0.12624
1388,1373676481,51.225196,6.773751
1389,1397686655,45.631061,-122.671567
1390,831065129,37.78008,-122.420168
1391,1042509919,37.550195,-121.980829
1392,1422867543,55.83949,-4.22796
1393,1820235191,26.124163,-80.143586
1394,495202449,38.051104,15.436742
1395,1509904056,43.651893,-79.381713
1396,689551826,42.887691,-78.879374
1397,221916302,49.853333,3.224444
1398,1706367005,36.846164,-76.285913
1399,1646368707,32.777977,-96.796215
1400,1905744598,22.544267,114.054533
1401,594878612,41.38256,2.177135
1402,221916302,49.853333,3.224444
1403,876573295,51.507322,-0.127647
1404,451475647,22.264412,114.167061
1405,1377428466,51.922896,4.463173
1406,1095429136,37.18302,-3.602192
1407,272102813,34.052238,-118.243344
1408,951073910,25.037638,121.564459
1409,546324820,41.38256,2.177135
1410,409042849,43.651893,-79.381713
1411,2063985471,43.183305,-89.213637
1412,789580318,34.052238,-118.243344
1413,467735865,37.566601,127.0
1414,861665028,52.371009,4.900112
1415,1490197598,49.853333,3.224444
1416,519560102,51.507322,-0.127647
1417,1892822648,38.009226,-92.744233
1418,1584994077,37.540759,-77.433932
1419,521556645,30.313044,-95.458141
1420,1193143208,48.856506,2.352133
1421,817126320,30.440741,-84.278328
1422,1906415429,51.55391,0.05665
1423,1874885261,-27.468968,153.023499
1424,1548438457,40.112458,-88.207457
1425,817126320,30.440741,-84.278328
1426,1414375193,41.409113,-75.662346
1427,1681770771,36.166687,-86.779932
1428,262514556,52.06566,-0.77164
1429,307481442,34.5121,-117.323632
1430,1869801532,51.50015,-0.12624
1431,1393146211,42.358894,-71.056742
1432,502347995,38.582087,-121.50012
1433,1888257766,53.550341,10.000654
1434,1869801532,51.50015,-0.12624
1435,1888257766,53.550341,10.000654
1436,2031752996,41.652133,-4.728562
1437,2044948006,38.051104,15.436742
1438,817632057,59.913269,10.739111
1439,2078768581,46.049865,14.506892
1440,1006668212,40.416705,-3.703583
1441,2037469047,39.951061,-75.16562
1442,614496895,-37.814255,144.963146
1443,1502882203,38.97432,1.419709
1444,13970780,55.686724,12.570069
1445,1978171116,51.270139,14.094863
1446,1074681187,42.332916,-83.047853
1447,1914160519,36.846164,-76.285913
1448,51717828,29.760803,-95.369506
1449,1743971712,49.263566,-123.138572
1450,579989596,33.748547,-84.391502
1451,98997709,52.517037,13.38886
1452,2132160702,52.347402,5.629132
1453,659307265,41.869274,2.41727
1454,428901657,29.760803,-95.369506
1455,17616272,45.631061,-122.671567
1456,392930638,48.69018,9.152573
1457,614426643,35.143378,-90.052136
1458,428901657,29.760803,-95.369506
1459,392930638,48.69018,9.152573
1460,17616272,45.631061,-122.671567
1461,1755028616,27.947423,-82.458776
1462,1266880032,47.603229,-122.33028
1463,418226761,52.400931,13.05914
1464,1131023965,22.264412,114.167061
1465,506585179,39.951061,-75.16562
1466,1398211749,40.692529,-73.990996
1467,1662181076,40.713054,-74.007228
1468,1302557814,30.264979,-97.746598
1469,20346115,26.016701,-80.204201
1470,1715382367,33.849902,-118.037303
1471,16679867,41.893344,12.483072
1472,55919990,41.978122,-91.669808
1473,263853490,27.839285,-82.703974
1474,2133932165,36.977714,-76.430349
1475,106823299,51.507322,-0.127647
1476,2024472124,51.507322,-0.127647
1477,683174568,51.900584,0.892312
1478,634503765,53.546135,-113.491213
1479,1047102083,49.900496,-97.139309
1480,722248669,42.887691,-78.879374
1481,2059755169,37.540759,-77.433932
1482,1342388798,38.046356,-84.497021
1483,1345773661,42.167247,-88.292002
1484,1076076867,34.052238,-118.243344
1485,730409108,43.155708,-77.612547
1486,219282045,32.52882,-117.036835
1487,1857212352,31.76006,-106.492257
1488,516701509,41.883229,-87.632398
1489,767578624,51.411661,-0.39881
1490,1560779380,53.646762,-3.002596
1491,340139390,32.71576,-117.163817
1492,1929529223,55.170755,-118.794778
1493,1210639496,37.092109,-84.60461
1494,1662576441,40.295836,-111.694436
1495,1712139750,52.25,-0.833333
1496,1388955140,48.754899,-122.478122
1497,1929529223,55.170755,-118.794778
1498,436878670,46.661853,-122.964294
1499,37811514,22.281816,114.158233
1500,1560779380,53.646762,-3.002596
1501,340139390,32.71576,-117.163817
1502,1581443828,29.425173,-98.494599
1503,767578624,51.411661,-0.39881
1504,1041193552,42.358894,-71.056742
1505,1580473356,53.794302,-1.549102
1506,107852790,51.507322,-0.127647
1507,1219290899,40.714199,-73.953903
1508,2133203979,22.264412,114.167061
1509,114800641,19.414356,-99.158245
1510,761777711,53.861172,-2.547112
1511,452848402,33.748547,-84.391502
1512,699590789,51.50015,-0.12624
1513,799201934,27.947423,-82.458776
1514,375393546,45.466797,9.190498
1515,1690503985,40.758478,-111.888142
1516,1360201252,67.283948,14.382583
1517,1438501509,51.24114,-1.12827
1518,375393546,45.466797,9.190498
1519,799201934,27.947423,-82.458776
1520,1360201252,67.283948,14.382583
1521,979875417,48.192309,16.371364
1522,1690503985,40.758478,-111.888142
1523,925024482,46.814184,-71.207425
1524,1190486323,48.47409,-120.177297
1525,1884924660,41.765775,-72.673356
1526,764253051,48.965888,6.581428
1527,924923576,45.401394,-71.890346
1528,1083079254,46.137578,13.241693
1529,1270308533,41.869274,2.41727
1530,22045093,40.416705,-3.703583
1531,1083079254,46.137578,13.241693
1532,1190486323,48.47409,-120.177297
1533,2046222836,54.950507,-7.729677
1534,1330893133,34.052238,-118.243344
1535,1420248992,41.883229,-87.632398
1536,1881835280,32.529843,-92.713617
1537,979638988,49.883706,-119.493496
1538,1936577339,34.052238,-118.243344
1539,1572813991,29.760803,-95.369506
1540,1130755205,35.084248,-106.649241
1541,375003670,45.466797,9.190498
1542,1553998435,39.951061,-75.16562
1543,1269061771,55.617167,8.333357
1544,1293227104,39.039856,-76.910021
1545,2074152097,32.71576,-117.163817
1546,521649929,32.71576,-117.163817
1547,964573828,28.538331,-81.378879
1548,790989698,40.713054,-74.007228
1549,986499990,51.507322,-0.127647
1550,1241194761,28.538331,-81.378879
1551,603895474,57.95564,14.35317
1552,685931008,39.568072,-0.622753
1553,713221708,46.231175,7.35888
1554,384683725,22.264412,114.167061
1555,2078810878,55.83949,-4.22796
1556,958141889,19.494522,-99.071333
1557,1059331603,59.913269,10.739111
1558,1349848128,-33.854816,151.216454
1559,544599661,41.464488,-81.564963
1560,946172192,33.748547,-84.391502
1561,1463396095,53.443957,-2.185848
1562,1324382103,35.614344,-88.81938
1563,1954605237,52.626788,1.3068
1564,1531092598,48.856506,2.352133
1565,1566727092,40.758478,-111.888142
1566,1897728081,-33.854816,151.216454
1567,1405663146,39.799702,-75.224197
1568,1634496093,52.19697,-1.04484
1569,1566727092,40.758478,-111.888142
1570,1445172879,26.934145,-80.099736
1571,502530724,41.901617,-71.092626
1572,966873249,39.951061,-75.16562
1573,1497318164,28.079931,-80.603516
1574,1149148237,40.713054,-74.007228
1575,1391247136,37.028265,-76.342338
1576,1816719469,41.260504,-74.357139
1577,1573075182,51.50015,-0.12624
1578,605665139,43.651893,-79.381713
1579,1709837236,49.883706,-119.493496
1580,1451248400,42.139356,-87.925736
1581,1670062970,51.48647,-0.00915
1582,2069516886,40.157347,-75.217084
1583,1456366301,39.738453,-104.984853
1584,22376791,54.71602,-1.24748
1585,1674550789,51.50015,-0.12624
1586,1134843983,45.516018,-122.681425
1587,1825910327,19.43253,-99.13321
1588,2034813827,51.76272,-0.22471
1589,2030903079,48.856506,2.352133
1590,417426191,48.293245,-122.643297
1591,641861054,55.83949,-4.22796
1592,566794321,46.048028,-116.349795
1593,1727356264,53.50454,-2.33293
1594,1931540809,44.943719,-93.094281
1595,1349515617,50.0833,8.25
1596,1804480375,41.256069,-87.838735
1597,2111319860,30.393676,-86.495663
1598,2087386099,38.892062,-77.019912
1599,1021724421,53.45131,-2.39137
1600,1827331479,33.615967,-117.930378
1601,1820635925,41.31831,-87.025834
1602,112282617,-34.928634,138.599888
1603,669235377,50.80536,-0.86678
1604,623971350,-33.854816,151.216454
1605,513127446,31.098237,-97.342737
1606,386176769,39.738453,-104.984853
1607,591707969,51.4492,-0.2031
1608,1914167198,51.50015,-0.12624
1609,493135465,-31.6918,-60.79579
1610,1337153186,33.41514,-111.831498
1611,471927187,53.09959,-2.43132
1612,1602264875,38.582087,-121.50012
1613,1825712171,27.947423,-82.458776
1614,1337153186,33.41514,-111.831498
1615,1920047106,51.50015,-0.12624
1616,386176769,39.738453,-104.984853
1617,471927187,53.09959,-2.43132
1618,1542792471,41.38256,2.177135
1619,691122012,41.883229,-87.632398
1620,930289672,36.061928,-94.160583
1621,364247289,52.517037,13.38886
1622,1212267642,38.051104,15.436742
1623,1721352733,42.892784,-78.676417
1624,1423286447,51.47134,-3.18967
1625,1116664284,40.713054,-74.007228
1626,1423286447,51.47134,-3.18967
1627,1212267642,38.051104,15.436742
1628,1324558266,38.729652,-120.799147
1629,940744389,52.371009,4.900112
1630,184407863,48.856506,2.352133
1631,691122012,41.883229,-87.632398
1632,930289672,36.061928,-94.160583
1633,1474042527,51.96881,-0.46207
1634,1799882483,41.883229,-87.632398
1635,918475218,51.92385,-0.45885
1636,1702141902,32.777977,-96.796215
1637,809644326,-37.879458,147.994383
1638,1799882483,41.883229,-87.632398
1639,918475218,51.92385,-0.45885
1640,1474309663,32.77647,-79.931027
1641,809644326,-37.879458,147.994383
1642,438150914,47.603229,-122.33028
1643,1888729888,44.222602,12.040938
1644,697130451,37.78008,-122.420168
1645,1820091897,39.768194,-94.848164
1646,104277436,39.738453,-104.984853
1647,1447655064,53.45131,-2.39137
1648,879733527,47.603229,-122.33028
1649,2006703168,55.436582,11.562936
1650,104277436,39.738453,-104.984853
1651,1820091897,39.768194,-94.848164
1652,1859340103,43.047945,-76.147448
1653,1734203436,51.92385,-0.45885
1654,659278460,51.50015,-0.12624
1655,1003570638,57.810303,13.440335
1656,1744859763,39.190665,-106.819201
1657,1635691370,33.748547,-84.391502
1658,1444547867,40.015831,-105.27927
1659,13531813,40.844116,14.2423
1660,2040923337,42.332916,-83.047853
1661,2103903559,13.079691,80.282953
1662,1444547867,40.015831,-105.27927
1663,1744859763,39.190665,-106.819201
1664,1003570638,57.810303,13.440335
1665,1683861035,35.282619,-120.660014
1666,784496728,47.527207,-121.824195
1667,695507789,34.035796,-118.691535
1668,1003624709,52.371009,4.900112
1669,1803541815,51.57873,3.71202
1670,95510358,53.43828,-2.11789
1671,155803563,53.72275,-0.50614
1672,679495797,50.412033,4.443624
1673,1970290006,-41.271085,173.283676
1674,772906214,33.019791,-80.177584
1675,679495797,50.412033,4.443624
1676,155803563,53.72275,-0.50614
1677,981790888,40.692529,-73.990996
1678,447506802,43.651893,-79.381713
1679,1150024478,34.098301,-118.325798
1680,102982777,18.921246,-99.234121
1681,1970290006,-41.271085,173.283676
1682,1492337332,48.733299,-123.6166
1683,1403036194,40.669077,-74.117183
1684,152075565,51.50015,-0.12624
1685,1959862457,47.603229,-122.33028
1686,161561028,48.856506,2.352133
1687,1490712562,42.733625,-84.553927
1688,551904489,-37.814255,144.963146
1689,299455523,33.748547,-84.391502
1690,894461241,34.052238,-118.243344
1691,1033566469,50.84109,-0.15797
1692,1675529403,45.509062,-73.553363
1693,1541971741,51.65699,-0.88734
1694,1134308678,40.717495,-74.044111
1695,659139648,41.979301,2.819944
1696,1658866450,46.644615,11.224384
1697,1372089178,45.466797,9.190498
1698,203445327,40.692529,-73.990996
1699,1675529403,45.509062,-73.553363
1700,659139648,41.979301,2.819944
1701,1541971741,51.65699,-0.88734
1702,1661411061,51.50015,-0.12624
1703,493905485,51.922896,4.463173
1704,1957237319,44.977479,-93.264346
1705,1716278897,19.43253,-99.13321
1706,662306997,52.02462,-0.70474
1707,1547290633,33.748547,-84.391502
1708,49376066,52.517037,13.38886
1709,923220998,51.984693,5.911598
1710,821837338,36.155327,-95.992083
1711,207120633,45.813155,15.97703
1712,564108267,20.676143,-103.346998
1713,2057687838,42.50325,-96.494393
1714,417400821,41.641357,-88.446922
1715,1691392829,43.490842,-112.039087
1716,2048740063,34.052238,-118.243344
1717,1142036722,38.79502,-77.273299
1718,182535258,55.605293,13.000157
1719,1982672519,52.788201,4.804434
1720,262400563,49.853333,3.224444
1721,1152969885,35.892006,-80.561966
1722,1356001208,51.50015,-0.12624
1723,68634442,33.448204,-112.072585
1724,1959740714,39.951061,-75.16562
1725,2089849886,27.999015,-80.67266
1726,953202138,49.853333,3.224444
1727,918966508,60.394346,5.325885
1728,1784836695,51.046362,-114.05803
1729,845339623,19.43253,-99.13321
1730,389855299,41.238239,-81.841313
1731,703415189,46.263048,6.631448
1732,2068855330,40.713054,-74.007228
1733,819276352,19.39612,-98.93968
1734,1784836695,51.046362,-114.05803
1735,146422815,43.419547,-83.946359
1736,1178308625,47.603229,-122.33028
1737,1291991113,42.75787,-71.46395
1738,927279434,-33.854816,151.216454
1739,1804955035,39.738453,-104.984853
1740,1042230892,56.673983,12.857483
1741,1932141050,42.332916,-83.047853
1742,1532707590,51.495827,4.287129
1743,294808631,53.48132,-3.02336
1744,758185463,51.50015,-0.12624
1745,1144114146,44.082995,-103.224443
1746,580547430,51.50015,-0.12624
1747,306214937,30.264979,-97.746598
1748,1806571928,51.50015,-0.12624
1749,1989006310,34.098301,-118.325798
1750,1399663423,36.072701,-79.793899
1751,676755916,25.775084,-80.194702
1752,1611952658,53.349307,-6.261175
1753,1978265705,52.371009,4.900112
1754,2003288720,41.499344,-83.720633
1755,400765773,29.950621,-90.074948
1756,118921771,47.800198,13.041059
1757,167614285,40.713054,-74.007228
1758,301983223,19.43253,-99.13321
1759,1399663423,36.072701,-79.793899
1760,676755916,25.775084,-80.194702
1761,749689946,22.264412,114.167061
1762,615877865,43.651893,-79.381713
1763,32676527,42.358894,-71.056742
1764,509720038,42.251775,-73.787882
1765,2098993731,40.713054,-74.007228
1766,1015125619,32.08059,-81.090103
1767,550227406,1.290453,103.852038
1768,1642653790,-37.814255,144.963146
1769,1709334710,52.47739,-2.12392
1770,509720038,42.251775,-73.787882
1771,315265590,36.527278,-87.360338
1772,1544658920,27.772069,-82.638488
1773,350392721,39.766399,-75.144699
1774,204418421,40.039401,-76.307078
1775,1455357691,39.863462,-105.050335
1776,1528767833,43.651893,-79.381713
1777,20899256,48.192309,16.371364
1778,1192876408,40.696436,-74.269889
1779,1007613895,56.149628,10.213405
1780,200710162,1.30303,103.85434
1781,1321731596,35.996948,-78.899023
1782,1321731596,35.996948,-78.899023
1783,116746378,22.264412,114.167061
1784,597111322,47.603229,-122.33028
1785,1720077231,22.33181,113.86913
1786,1893549506,40.713054,-74.007228
1787,2131992465,35.680071,139.768522
1788,1228801370,43.651893,-79.381713
1789,716035594,51.50015,-0.12624
1790,635645158,-37.814255,144.963146
1791,289139054,37.78008,-122.420168
1792,1090281681,19.43253,-99.13321
1793,413036911,33.41514,-111.831498
1794,1418165288,37.78008,-122.420168
1795,681004125,33.41514,-111.831498
1796,140813252,42.590515,-88.435288
1797,2106908934,41.1535,-74.572304
1798,1601229869,19.43253,-99.13321
1799,649798619,26.27251,-80.254183
1800,1829006244,41.943998,-85.632764
1801,1487159449,40.416705,-3.703583
1802,270911826,52.508976,6.094377
1803,2089094287,49.853333,3.224444
1804,1086180677,19.245191,-103.720828
1805,1567226167,42.23766,-8.724721
1806,727570515,29.882083,-97.939985
1807,1427996379,32.777977,-96.796215
1808,1282485262,40.713054,-74.007228
1809,1256752411,41.017602,-81.604754
1810,1959141707,38.256078,-85.751569
1811,1860316389,1.290453,103.852038
1812,224689971,34.052238,-118.243344
1813,1868815478,50.449988,30.523494
1814,1778193407,41.143322,-73.249812
1815,2063219262,52.442683,12.771218
1816,1916890985,37.550195,-121.980829
1817,1077380844,44.480534,-93.428596
1818,1868815478,50.449988,30.523494
1819,1026290616,43.586162,-79.646215
1820,1203592584,45.516018,-122.681425
1821,1140654239,48.778493,9.180046
1822,1069172923,52.82912,-2.0
1823,1935625530,32.77647,-79.931027
1824,95376257,43.449787,-80.489089
1825,1106928160,49.69458,-112.833808
1826,2093304147,51.50015,-0.12624
1827,1711706225,34.052238,-118.243344
1828,1709847827,51.339183,12.381055
1829,48233374,55.751634,37.618704
1830,1702475713,40.147825,18.485933
1831,1310720020,57.706407,11.968629
1832,86804119,51.50015,-0.12624
1833,1096806317,46.948276,7.451501
1834,2068213043,37.626787,-1.000618
1835,1709847827,51.339183,12.381055
1836,116343860,36.615103,-82.172287
1837,48233374,55.751634,37.618704
1838,923225723,22.58547,-100.41651
1839,290720159,35.680071,139.768522
1840,1660856186,51.50015,-0.12624
1841,247295687,42.587881,-72.600259
1842,1202193929,40.110248,-74.942875
1843,25967564,53.45493,-2.84496
1844,474785000,34.106399,-117.575764
1845,1473902092,36.320614,-82.342538
1846,1218566711,47.111401,-101.426102
1847,1188600594,48.965888,6.581428
1848,2131492735,47.368559,8.540443
1849,75230188,35.680071,139.768522
1850,1927233758,41.699322,-73.921694
1851,1628223638,39.951061,-75.16562
1852,814688984,19.43253,-99.13321
1853,1124740547,40.713054,-74.007228
1854,814688984,19.43253,-99.13321
1855,1057434209,52.24121,-3.38073
1856,159791284,57.706407,11.968629
1857,1307941526,28.800795,-81.273111
1858,1124740547,40.713054,-74.007228
1859,1982685881,53.48071,-2.23438
1860,1663228788,53.28097,-3.82289
1861,2104693594,31.11504,-97.905488
1862,356193771,54.78121,-1.52441
1863,1634990327,47.558108,7.587826
1864,573711338,35.663914,139.697927
1865,1304294829,32.563546,-97.142032
1866,149634213,38.804665,-77.043614
1867,1353323622,55.75295,-4.19788
1868,1482719496,-33.854816,151.216454
1869,1112244483,36.169202,-115.140597
1870,919693934,30.264979,-97.746598
1871,280545512,-37.825451,147.630475
1872,1767937912,39.099792,-94.578559
1873,1965432202,52.517037,13.38886
1874,452233804,48.856506,2.352133
1875,486731655,51.50015,-0.12624
1876,2025654015,51.50015,-0.12624
1877,2079715029,53.48071,-2.23438
1878,1767937912,39.099792,-94.578559
1879,2079715029,53.48071,-2.23438
1880,733862032,19.43253,-99.13321
1881,1947440682,47.322563,5.04118
1882,2079950623,20.116541,-98.741354
1883,680999704,52.517037,13.38886
1884,1428842136,32.71576,-117.163817
1885,1372177583,27.947423,-82.458776
1886,1244810432,29.760803,-95.369506
1887,836631059,51.39016,-2.43625
1888,1313264398,53.48071,-2.23438
1889,559202042,25.358543,55.389532
1890,1722733353,42.505512,-90.667314
1891,1677871469,43.041072,-87.909421
1892,1580597562,45.401394,-71.890346
1893,961599466,39.738453,-104.984853
1894,1404338784,33.448204,-112.072585
1895,1916556718,37.550195,-121.980829
1896,1534587644,37.78008,-122.420168
1897,172555708,33.748547,-84.391502
1898,2071076976,35.084248,-106.649241
1899,1248528967,51.50015,-0.12624
1900,873265039,20.676143,-103.346998
1901,630177532,22.264412,114.167061
1902,1358129849,35.845963,-86.391449
1903,1454280827,38.835224,-104.819798
1904,2005107287,-28.6499,153.616592
1905,264943897,48.835665,2.240206
1906,44543207,43.651893,-79.381713
1907,737557941,36.596808,-121.897127
1908,1865057726,36.845117,-75.975518
1909,1932620294,31.737743,-106.483519
1910,394779975,-33.854816,151.216454
1911,1560697328,1.290453,103.852038
1912,1187967163,47.368559,8.540443
1913,1833331818,43.651893,-79.381713
1914,1407191588,53.546135,-113.491213
1915,355165257,6.455058,3.39418
1916,1756671174,55.86117,9.844477
1917,351271502,38.8741,-77.227203
1918,1995518558,19.43253,-99.13321
1919,602368868,43.041072,-87.909421
1920,1747743322,40.692529,-73.990996
1921,456036340,-45.873928,170.503488
1922,317140938,40.912696,-73.837264
1923,305508139,48.856506,2.352133
1924,897363709,41.883229,-87.632398
1925,725682655,51.52318,-0.15414
1926,902648698,43.419547,-83.946359
1927,1083931491,37.05892,-84.61887
1928,1115121588,20.116541,-98.741354
1929,1416121418,45.466797,9.190498
1930,253849942,37.640735,-121.002435
1931,2146869820,40.695775,-75.188802
1932,1406227760,40.713054,-74.007228
1933,1488648261,33.480878,-117.697659
1934,577093721,33.448204,-112.072585
1935,1096162184,49.766602,-100.466599
1936,151137911,38.892062,-77.019912
1937,1347071303,48.856506,2.352133
1938,244097330,33.448204,-112.072585
1939,2010490885,20.676143,-103.346998
1940,1366882341,34.052238,-118.243344
1941,1707278560,30.22126,-92.018773
1942,1621975557,46.814184,-71.207425
1943,706971327,36.155327,-95.992083
1944,457739766,43.651893,-79.381713
1945,32390282,34.098301,-118.325798
1946,797226947,56.733299,-111.383301
1947,724737875,48.1799,16.36132
1948,1176009471,52.371009,4.900112
1949,532724899,48.13641,11.57753
1950,797226947,56.733299,-111.383301
1951,724737875,48.1799,16.36132
1952,532724899,48.13641,11.57753
1953,204906332,34.010971,-117.689239
1954,222854082,43.615791,-116.201579
1955,2102433223,38.630276,-90.200309
1956,222614026,47.603229,-122.33028
1957,682132168,38.727033,-87.68728
1958,1512304408,53.546135,-113.491213
1959,1481265200,35.6203,-80.986702
1960,950562079,51.42579,-0.92962
1961,1169121004,32.777977,-96.796215
1962,1973280442,28.538331,-81.378879
1963,682132168,38.727033,-87.68728
1964,1481265200,35.6203,-80.986702
1965,950562079,51.42579,-0.92962
1966,367233931,51.50015,-0.12624
1967,427993829,39.951061,-75.16562
1968,1347066009,37.957541,-121.292451
1969,846617703,53.349307,-6.261175
1970,222854082,43.615791,-116.201579
1971,644784890,51.39466,-0.73837
1972,222614026,47.603229,-122.33028
1973,248575019,51.50015,-0.12624
1974,1927030364,40.758478,-111.888142
1975,728223478,42.887691,-78.879374
1976,957741687,34.052238,-118.243344
1977,1882360674,51.50015,-0.12624
1978,618035701,35.141299,-120.642077
1979,1169506746,34.052238,-118.243344
1980,1344568857,24.559703,-81.783642
1981,608767186,44.977479,-93.264346
1982,635281595,36.169202,-115.140597
1983,2007974029,51.52929,0.02688
1984,1033166325,34.052238,-118.243344
1985,1505381340,43.651893,-79.381713
1986,992797657,54.71602,-1.24748
1987,173674158,1.290453,103.852038
1988,967272742,-16.920496,145.771901
1989,946280294,42.990926,-71.463091
1990,465720760,51.22111,4.399708
1991,1602667148,30.369834,-89.091582
1992,1764340427,41.38256,2.177135
1993,795628914,41.893344,12.483072
1994,1023565049,41.505546,-81.6915
1995,1912240962,26.124163,-80.143586
1996,199737887,43.615791,-116.201579
1997,1181360082,41.883229,-87.632398
1998,1821714011,45.757598,4.832332
1999,1237832539,54.78346,-1.53709
2000,1391133581,53.349307,-6.261175
2001,199737887,43.615791,-116.201579
2002,1181360082,41.883229,-87.632398
2003,1645584836,25.827202,-80.281502
2004,1912240962,26.124163,-80.143586
2005,1706539478,40.512133,-74.859132
2006,1494511188,40.692529,-73.990996
2007,824920229,14.590607,120.979901
2008,775198319,48.365852,10.899118
2009,537924052,-6.41087,106.92246
2010,2137146050,-33.854816,151.216454
2011,1887127214,28.538331,-81.378879
2012,537924052,-6.41087,106.92246
2013,775198319,48.365852,10.899118
2014,1093474320,53.45131,-2.39137
2015,1277324109,34.701274,-85.282595
2016,946739955,51.50015,-0.12624
2017,1622933581,51.50015,-0.12624
2018,714389339,64.150002,-21.9499
2019,1635058226,40.416705,-3.703583
2020,1420181760,36.97414,-122.028795
2021,1137260193,53.550341,10.000654
2022,171612739,48.856506,2.352133
2023,1071856366,28.538331,-81.378879
2024,1222546242,48.856506,2.352133
2025,66907001,48.778493,9.180046
2026,570211132,32.080481,34.780527
2027,1634017236,51.1425,-1.26063
2028,2019835539,44.977479,-93.264346
2029,435445811,50.776351,6.083862
2030,1906122831,39.164818,-76.624984
2031,1907985690,43.651893,-79.381713
2032,1207345243,43.604462,1.444247
2033,739206754,38.303297,-77.460658
2034,1479588732,41.869274,2.41727
2035,728086974,43.651893,-79.381713
2036,1379385953,19.43253,-99.13321
2037,2019835539,44.977479,-93.264346
2038,1140385318,19.043671,-98.198727
2039,984615516,36.166687,-86.779932
2040,784360077,40.713054,-74.007228
2041,1969214106,32.777977,-96.796215
2042,1634017236,51.1425,-1.26063
2043,1123002611,52.19697,-1.04484
2044,314856079,34.052238,-118.243344
2045,1906122831,39.164818,-76.624984
2046,361398676,51.50015,-0.12624
2047,1107261572,52.371009,4.900112
2048,1907985690,43.651893,-79.381713
2049,739206754,38.303297,-77.460658
2050,630188778,45.509062,-73.553363
2051,1931005752,33.825158,-84.575932
2052,1761318787,-28.002373,153.414599
2053,1892483680,26.38007,-98.825375
2054,962104078,27.947423,-82.458776
2055,2033268375,33.791489,-117.853096
2056,1520449306,47.603229,-122.33028
2057,837443930,51.768749,19.456982
2058,305676578,46.201756,6.146601
2059,1482805626,41.883229,-87.632398
2060,156996953,32.77647,-79.931027
2061,1319669540,38.051104,15.436742
2062,1128668364,39.176944,-77.270161
2063,318825032,45.597089,-73.335176
2064,666285457,18.446344,-66.07558
2065,291590769,38.031046,-78.474159
2066,1977270090,19.286986,-81.3717
2067,1355763646,55.605293,13.000157
2068,837443930,51.768749,19.456982
2069,460094581,51.50015,-0.12624
2070,962104078,27.947423,-82.458776
2071,1520449306,47.603229,-122.33028
2072,2033268375,33.791489,-117.853096
2073,507555497,36.71461,-76.249925
2074,185850091,51.897928,-8.470581
2075,1274510363,51.50015,-0.12624
2076,1953734225,36.169202,-115.140597
2077,1356600240,22.264412,114.167061
2078,610691921,47.368559,8.540443
2079,780178899,33.448204,-112.072585
2080,920828885,29.189311,-82.137789
2081,1459281386,50.466528,4.866189
2082,780178899,33.448204,-112.072585
2083,1274510363,51.50015,-0.12624
2084,1319669540,38.051104,15.436742
2085,920828885,29.189311,-82.137789
2086,1482805626,41.883229,-87.632398
2087,514182758,40.713054,-74.007228
2088,134084174,20.676143,-103.346998
2089,2044760446,40.768299,-73.777496
2090,1051745396,26.714439,-80.054947
2091,648893974,1.290453,103.852038
2092,746858937,52.21115,5.2931
2093,2089763447,30.443319,-91.187488
2094,966518084,55.686724,12.570069
2095,667977496,35.996948,-78.899023
2096,849972134,34.098301,-118.325798
2097,1111632493,34.052238,-118.243344
2098,137040317,43.073926,-89.385244
2099,1144771673,53.48071,-2.23438
2100,1432663133,50.73381,-1.77602
2101,1580107325,35.709522,-78.613906
2102,1051745396,26.714439,-80.054947
2103,20425372,35.680071,139.768522
2104,492231345,33.748547,-84.391502
2105,648893974,1.290453,103.852038
2106,163976463,47.25308,-122.44153
2107,137040317,43.073926,-89.385244
2108,849972134,34.098301,-118.325798
2109,1580107325,35.709522,-78.613906
2110,1111632493,34.052238,-118.243344
2111,1144771673,53.48071,-2.23438
2112,1432663133,50.73381,-1.77602
2113,63117407,51.50015,-0.12624
2114,20425372,35.680071,139.768522
2115,1052142852,40.416705,-3.703583
2116,418984196,-27.468968,153.023499
2117,1378819437,42.543806,-83.214844
2118,255830898,38.8741,-77.227203
2119,163976463,47.25308,-122.44153
2120,63117407,51.50015,-0.12624
2121,1052142852,40.416705,-3.703583
2122,418984196,-27.468968,153.023499
2123,1378819437,42.543806,-83.214844
2124,1113655165,44.977479,-93.264346
2125,1075617498,51.50015,-0.12624
2126,955651906,50.938361,6.959974
2127,1863425487,52.88907,-1.59924
2128,1445351283,48.856506,2.352133
2129,1184468087,40.442169,-79.994945
2130,16633532,53.49772,-2.2641
2131,1697389083,-33.854816,151.216454
2132,1833574110,35.159226,-98.44228
2133,575852954,37.804828,-122.27248
2134,1916607389,49.853333,3.224444
2135,598177478,47.218563,-1.560241
2136,467049956,51.41178,-3.24367
2137,647682977,29.760803,-95.369506
2138,1230890798,51.50015,-0.12624
2139,570550429,34.052238,-118.243344
2140,64949393,49.489591,8.467236
2141,1577914169,36.169202,-115.140597
2142,64949393,49.489591,8.467236
2143,1577914169,36.169202,-115.140597
2144,1144803367,55.03436,-7.30939
2145,577249433,22.58547,-100.41651
2146,1483212115,31.34057,-85.71998
2147,647682977,29.760803,-95.369506
2148,1445351283,48.856506,2.352133
2149,1184468087,40.442169,-79.994945
2150,575852954,37.804828,-122.27248
2151,1916607389,49.853333,3.224444
2152,1140821570,54.56927,-6.00604
2153,570550429,34.052238,-118.243344
2154,427469485,51.50015,-0.12624
2155,1243399319,40.808683,-82.974147
2156,989119789,55.04096,-1.56849
2157,1979855315,43.651893,-79.381713
2158,1797474991,37.334807,-121.888128
2159,2118017399,28.538331,-81.378879
2160,1140821570,54.56927,-6.00604
2161,1905922202,22.264412,114.167061
2162,20225771,51.50015,-0.12624
2163,988198316,51.1289,-0.01576
2164,1113623909,52.06566,-0.77164
2165,1026140750,38.051104,15.436742
2166,2123460466,27.772069,-82.638488
2167,1186530292,44.58958,-75.684303
2168,988198316,51.1289,-0.01576
2169,91469072,41.308252,-72.924161
2170,1330840250,33.748547,-84.391502
2171,184330443,51.50015,-0.12624
2172,1015431136,41.883229,-87.632398
2173,20225771,51.50015,-0.12624
2174,1113623909,52.06566,-0.77164
2175,1026140750,38.051104,15.436742
2176,369336236,33.448204,-112.072585
2177,1507789838,51.50015,-0.12624
2178,1695086844,44.876467,-91.929799
2179,2092066967,40.713054,-74.007228
2180,1015431136,41.883229,-87.632398
2181,2121118564,40.310874,-112.012591
2182,1459183480,38.439698,-122.715642
2183,91469072,41.308252,-72.924161
2184,1986560488,30.264979,-97.746598
2185,2123460466,27.772069,-82.638488
2186,335194574,40.442169,-79.994945
2187,1330840250,33.748547,-84.391502
2188,309477028,44.482955,-103.850382
2189,1186530292,44.58958,-75.684303
2190,184330443,51.50015,-0.12624
2191,708014488,51.50015,-0.12624
2192,90161247,36.169202,-115.140597
2193,1353687467,44.475949,-73.212481
2194,1497316843,34.052238,-118.243344
2195,629486919,49.27895,1.777826
2196,1550153976,45.466797,9.190498
2197,2021474665,32.777977,-96.796215
2198,963574297,38.892062,-77.019912
2199,22343782,26.124163,-80.143586
2200,502906365,40.42729,-74.177207
2201,361530503,44.795434,-106.955897
2202,963574297,38.892062,-77.019912
2203,22343782,26.124163,-80.143586
2204,502906365,40.42729,-74.177207
2205,606151138,46.201756,6.146601
2206,216748648,39.456216,-77.963914
2207,758219769,44.646244,-63.573566
2208,120058365,-37.814255,144.963146
2209,1341119359,34.427409,-117.314839
2210,725610391,51.48882,-3.22463
2211,763724325,53.80924,-1.72428
2212,2083230948,51.50015,-0.12624
2213,1497316843,34.052238,-118.243344
2214,1557925272,45.053475,9.694746
2215,1836387428,-36.853467,174.765551
2216,779974817,22.264412,114.167061
2217,43593640,32.790438,-79.8765
2218,629486919,49.27895,1.777826
2219,1550153976,45.466797,9.190498
2220,361530503,44.795434,-106.955897
2221,192727551,51.1289,-0.01576
2222,606151138,46.201756,6.146601
2223,963574297,38.892062,-77.019912
2224,502906365,40.42729,-74.177207
2225,22343782,26.124163,-80.143586
2226,991587938,40.566995,-88.61619
2227,2039487813,30.362171,-90.062471
2228,409588059,41.824461,-71.412747
2229,1166246656,30.309412,-104.020624
2230,1438985378,47.603229,-122.33028
2231,1708989736,25.775084,-80.194702
2232,1523948861,33.685908,-117.824719
2233,1147727186,44.464094,-68.711351
2234,594385682,41.505546,-81.6915
2235,844380919,25.775084,-80.194702
2236,1913928149,5.714831,-72.927933
2237,903358698,44.436139,26.102744
2238,28927068,42.358894,-71.056742
2239,1799326788,43.073926,-89.385244
2240,1941719927,36.169202,-115.140597
2241,1044748371,40.304025,-73.992759
2242,837268600,40.713054,-74.007228
2243,305248126,40.825665,-74.108525
2244,2119675887,38.892062,-77.019912
2245,346606687,37.334807,-121.888128
2246,348833425,35.143378,-90.052136
2247,794128329,36.166687,-86.779932
2248,128715439,32.08059,-81.090103
2249,1349533630,32.797484,-116.962303
2250,348833425,35.143378,-90.052136
2251,1349533630,32.797484,-116.962303
2252,747685327,35.077801,-79.462196
2253,283120633,20.17388,-98.050296
2254,804595612,42.332916,-83.047853
2255,1598432348,45.78265,-108.504578
2256,505386652,40.393695,-82.486656
2257,792484374,29.425173,-98.494599
2258,921786448,38.5786,-122.57894
2259,232456251,25.775084,-80.194702
2260,1194896387,44.058088,-121.31515
2261,1276118274,59.913269,10.739111
2262,1824475802,36.169202,-115.140597
2263,42426041,36.166687,-86.779932
2264,766698134,59.330761,18.06131
2265,1519537013,40.713054,-74.007228
2266,1138470849,-33.854816,151.216454
2267,212145964,19.43253,-99.13321
2268,321472195,39.019565,-94.204129
2269,801959128,20.967141,-89.6237
2270,2009724803,44.436139,26.102744
2271,1482351978,56.169453,9.549514
2272,505983562,1.290453,103.852038
2273,411587684,54.32848,-7.32973
2274,39232347,45.466797,9.190498
2275,91134789,42.593126,-72.227055
2276,2045243849,28.538331,-81.378879
2277,2127152003,47.046733,9.419293
2278,822523186,25.903046,-97.498884
2279,1150774322,35.680071,139.768522
2280,864634366,53.48132,-3.02336
2281,669159215,38.74806,-121.285202
2282,1433120539,34.052238,-118.243344
2283,698186613,40.692529,-73.990996
2284,934701242,38.907635,16.596047
2285,169473040,19.043671,-98.198727
2286,509616058,28.654323,-106.083947
2287,487486537,20.676143,-103.346998
2288,1543503895,45.71121,11.355523
2289,1159267138,53.00799,-2.18509
2290,1423019412,40.416705,-3.703583
2291,1763895169,-33.437913,-70.650456
2292,429839167,47.446359,12.391147
2293,398431789,51.50015,-0.12624
2294,1981407139,49.853333,3.224444
2295,292862326,46.48952,-80.989155
2296,1332923805,63.401089,13.082224
2297,726838934,51.046362,-114.05803
2298,1423019412,40.416705,-3.703583
2299,509616058,28.654323,-106.083947
2300,487486537,20.676143,-103.346998
2301,1276118274,59.913269,10.739111
2302,1611449032,48.856506,2.352133
2303,1138470849,-33.854816,151.216454
2304,212145964,19.43253,-99.13321
2305,1057136915,19.669084,-99.180165
2306,570390148,-35.282071,149.128667
2307,205915429,47.800198,13.041059
2308,1100620410,20.609224,-105.233893
2309,400545580,37.05892,-84.61887
2310,321472195,39.019565,-94.204129
2311,1520168202,39.469901,-0.375951
2312,429839167,47.446359,12.391147
2313,398431789,51.50015,-0.12624
2314,292862326,46.48952,-80.989155
2315,2063197799,20.676143,-103.346998
2316,1763895169,-33.437913,-70.650456
2317,988136637,29.760803,-95.369506
2318,1332923805,63.401089,13.082224
2319,726838934,51.046362,-114.05803
2320,434337402,52.82839,-2.10999
2321,1981407139,49.853333,3.224444
2322,513348568,51.48065,-0.06058
2323,1164638093,48.856506,2.352133
2324,514475154,52.4776,-2.03981
2325,169473040,19.043671,-98.198727
2326,921786448,38.5786,-122.57894
2327,792484374,29.425173,-98.494599
2328,42426041,36.166687,-86.779932
2329,804595612,42.332916,-83.047853
2330,766698134,59.330761,18.06131
2331,283120633,20.17388,-98.050296
2332,1276118274,59.913269,10.739111
2333,232456251,25.775084,-80.194702
2334,993348693,54.07893,-0.45622
2335,499978542,19.43253,-99.13321
2336,2127152003,47.046733,9.419293
2337,822523186,25.903046,-97.498884
2338,1227341183,-37.814255,144.963146
2339,1031262694,33.685908,-117.824719
2340,1575970681,41.053881,-73.816895
2341,1333933271,33.425522,-111.941253
2342,184945077,44.415521,-71.694318
2343,373742095,37.05892,-84.61887
2344,1545048953,39.104427,-84.513808
2345,219141900,19.43253,-99.13321
2346,1091842510,37.626787,-1.000618
2347,1545048953,39.104427,-84.513808
2348,373742095,37.05892,-84.61887
2349,219141900,19.43253,-99.13321
2350,208645710,34.052238,-118.243344
2351,184945077,44.415521,-71.694318
2352,1333933271,33.425522,-111.941253
2353,1093588093,48.13641,11.57753
2354,79815030,51.50015,-0.12624
2355,616120940,35.680071,139.768522
2356,1575970681,41.053881,-73.816895
2357,1629242667,48.192309,16.371364
2358,619743203,41.006634,-91.965049
2359,1091842510,37.626787,-1.000618
2360,1296578927,40.758478,-111.888142
2361,153789362,39.738453,-104.984853
2362,1837031508,40.692529,-73.990996
2363,1026105469,25.775084,-80.194702
2364,1613307660,27.488962,-82.562798
2365,637597416,46.139344,-122.940531
2366,430574294,40.797388,-81.377036
2367,14356290,32.777977,-96.796215
2368,422321384,39.962649,-82.996216
2369,1504947920,25.775084,-80.194702
2370,1504947920,25.775084,-80.194702
2371,105384710,44.977479,-93.264346
2372,1695097538,32.934631,-97.253647
2373,1863866940,38.835224,-104.819798
2374,1680746774,40.758478,-111.888142
2375,1636641748,22.815294,-82.763567
2376,28563416,39.104427,-84.513808
2377,881733615,39.962649,-82.996216
2378,1397389809,33.685908,-117.824719
2379,890050853,44.629007,-121.130677
2380,228784899,40.713054,-74.007228
2381,549176851,29.760803,-95.369506
2382,501890276,39.749672,-105.216019
2383,556246630,41.883229,-87.632398
2384,1490609354,34.195772,-79.761968
2385,1018180679,33.748547,-84.391502
2386,1433103554,28.538331,-81.378879
2387,640537236,26.35052,-80.089831
2388,215051252,36.169202,-115.140597
2389,964774281,47.327772,-122.587523
2390,1234242430,40.758478,-111.888142
2391,1530693607,35.143378,-90.052136
2392,1701503535,40.758478,-111.888142
2393,2079988889,39.738453,-104.984853
