,project_id,backers,goal,pledged
0,256941264,300,"€100,158","€8,878"
1,374051904,"42,968","€4,428,280","€17,756"
2,1193350172,259,"€23,479","€4,439"
3,748081064,"4,104","€412,135","€17,756"
4,433085097,"1,388","€47,323","€4,439"
5,1774324319,"11,063","€1,156,603","€53,268"
6,1158852071,"27,430","€1,080,805","€8,878"
7,1988211895,"5,615","€235,520","€4,888"
8,1709033713,"2,172","€64,921","€2,219"
9,1897919106,"32,942","€4,638,251","€44,469"
10,1706943935,996,"€147,619","€6,214"
11,1849444403,"3,060","€286,962","€8,878"
12,421037108,155,"€6,604","€5,000"
13,1255018306,570,"€27,975","€3,107"
14,1238873268,204,"€8,623","€12,000"
15,23152778,"4,154","€217,609","€17,756"
16,1721395159,569,"€73,362","€10,000"
17,575271961,"12,419","€1,038,468","€100,000"
18,292832566,"1,090","€52,650","€7,821"
19,142016465,"23,772","€3,547,482","€26,634"
20,125859400,"10,853","€534,218","€26,634"
21,1239686031,"1,407","€171,668","€26,634"
22,562276553,"3,393","€130,007",
23,341261114,347,"€129,550","€17,756"
24,1194621676,192,"€22,878","€1,100"
25,1213338921,293,"€14,903","€4,261"
26,1151897659,"1,937","€63,558","€10,000"
27,378747734,"1,170","€21,163","€3,000"
28,329162738,"5,653","€176,406","€1,111"
29,785030900,"8,544","€661,799","€75,000"
30,215730319,162,"€14,185",
31,1799943883,"1,820","€57,060",
32,1323667743,709,"€65,672","€4,439"
33,1743386796,574,"€170,138","€44,390"
34,780006612,667,"€47,187","€4,345"
35,270622267,"1,819","€58,271","€53,268"
36,1919358994,750,"€23,105","€17,100"
37,1944804664,"1,836","€90,499","€7,102"
38,1517330657,325,"€117,798","€10,653"
39,1382314043,581,"€22,816","€9,164"
40,407185063,86,"€34,441","€6,214"
41,1280271002,108,"€12,933","€12,130"
42,1467542810,"3,543","€76,682","€8,878"
43,2097748129,75,"€17,049","€4,439"
44,1069816081,306,"€113,514","€31,073"
45,2119547530,"3,551","€168,962","€8,878"
46,1313878870,782,"€86,430","€9,503"
47,1970274571,130,"€8,748","€10,000"
48,1428418415,512,"€10,946","€1,111"
49,39900536,"4,650","€430,214","€71,025"
50,1147057510,864,"€128,782","€4,439"
51,1446671987,"3,749","€235,755","€31,073"
52,74599621,770,"€76,643","€2,663"
53,352210887,400,"€30,257","€4,800"
54,1316379147,"2,807","€133,308","€2,779"
55,1409132587,314,"€17,665",
56,662157087,"1,061","€34,921","€4,439"
57,446513779,251,"€7,218","€4,199"
58,7922504,"1,122","€35,203","€42,368"
59,2037927707,506,"€27,121","€8,878"
60,2023975432,"2,782","€202,406","€8,878"
61,374785399,"1,041","€114,168","€17,756"
62,98211323,"1,417","€56,067","€13,036"
63,1183081294,448,"€37,413","€20,000"
64,427967675,537,"€636,918","€22,195"
65,224052425,"3,144","€181,969","€50,028"
66,1923400131,"2,976","€101,624","€15,980"
67,2071684195,"1,896","€155,484","€29,297"
68,1669984917,"1,096","€106,811","€14,000"
69,428944339,"1,398","€73,637","€9,503"
70,2031182666,"2,477","€108,639","€4,439"
71,1345375525,664,"€23,756","€1,000"
72,93028791,"1,491","€328,369","€26,634"
73,688664511,389,"€32,904","€7,782"
74,1972917609,581,"€32,137","€4,439"
75,1927900629,"2,541","€67,585","€5,850"
76,999096620,"2,084","€87,148","€26,634"
77,1070469355,"1,973","€69,953","€3,000"
78,245959053,"6,180","€290,019","€44,390"
79,1602201731,482,"€17,843","€12,429"
80,2127496022,"1,491","€191,398","€8,878"
81,1973270418,473,"€12,343","€5,000"
82,843160452,"1,192","€47,967","€11,097"
83,834529356,"2,138","€34,086","€13,317"
84,975435216,"1,448","€41,951","€17,756"
85,40736229,951,"€47,243","€21,307"
86,1401134515,631,"€28,982","€13,317"
87,451006338,209,"€18,991","€8,878"
88,591865170,"1,189","€45,464","€44,390"
89,52093272,250,"€13,832","€4,439"
90,1944209846,"2,088","€55,126","€15,000"
91,1063410034,195,"€9,409","€27,793"
92,315155369,597,"€61,066","€4,751"
93,2125680802,460,"€132,236","€89,350"
94,1770512919,515,"€35,154","€10,000"
95,1882205910,557,"€14,197","€1,700"
96,558711776,511,"€29,669",€325
97,29982071,"2,277","€60,525","€4,582"
98,1267026621,402,"€11,124","€2,223"
99,127406154,,,"$10,000"
100,939988045,,,"CA$ 27,550"
101,1685580009,,,$400
102,228818156,,,"€25,500"
103,318188028,,,£666
104,2147283197,,,"HK$ 61,200"
105,491567983,,,$750
106,1532868204,,,"HK$ 40,000"
107,1327426745,,,"£50,000"
108,113061551,,,"€5,000"
109,963109029,,,"CA$ 88,000"
110,1231028477,,,"$5,000"
111,67388287,,,"$49,000"
112,194383029,,,"$10,000"
113,2142947846,,,"$5,000"
114,1775094193,,,"CA$ 2,500"
115,1700912685,,,"$5,000"
116,2017886013,,,"$50,000"
117,1448747951,,,"$10,000"
118,1368255520,,,"CA$ 25,000"
119,2062262907,,,$350
120,260164916,,,"£1,078"
121,707374949,,,"HK$ 30,000"
122,1610074604,,,"$9,999"
123,850919392,,,"CA$ 43,000"
124,83985592,,,"£30,000"
125,359814856,,,"€30,000"
126,59746464,,,£500
127,393914275,,,"€8,000"
128,876623115,,,"$1,300"
129,580090499,,,"£10,000"
130,854102932,,,"£8,000"
131,530241441,,,"€16,700"
132,1824759594,,,"$10,000"
133,848747332,,,"$1,000"
134,370705383,,,"£5,000"
135,1539478684,,,"£1,000"
136,866946931,,,"£8,000"
137,21632226,,,"£6,000"
138,594874978,,,"DKK 126,500"
139,1377311403,,,"$50,000"
140,1240770500,,,"£50,000"
141,1153626580,,,"CA$ 15,000"
142,729104947,,,$400
143,209599318,,,"$15,000"
144,1153675563,,,"$9,000"
145,632552919,,,"$5,000"
146,349186833,,,£500
147,626102641,,,"$3,750"
148,1316390692,,,"$3,000"
149,611249794,,,"€20,000"
150,1131084395,,,"$75,000"
151,691828177,,,
152,1670488420,,,$500
153,647005204,,,"DKK 12,000"
154,1844941261,,,"$7,500"
155,673765219,,,"$100,000"
156,2038622219,,,"€4,000"
157,1756431015,,,"HK$ 13,000"
158,577767528,,,"CA$ 5,000"
159,2131943868,,,"£15,000"
160,961657964,,,"SEK 300,000"
161,2090478499,,,"$15,000"
162,1408932703,,,CA$ 300
163,1198601238,,,"$1,000"
164,1364902150,,,"$34,000"
165,1149336040,,,"$7,500"
166,959525614,,,"£5,000"
167,1705278338,,,CA$ 700
168,324280277,,,"$27,500"
169,1152335627,,,$250
170,564536812,,,"£30,000"
171,678659565,,,"$2,000"
172,1977177512,,,"$1,515"
173,430515936,,,"$5,000"
174,45270179,,,"$9,540"
175,1740554502,,,"HK$ 800,000"
176,1805309338,,,"$30,000"
177,1161752566,,,"€12,500"
178,647651357,,,"£10,000"
179,1948226465,,,"$17,000"
180,1820751873,,,"$17,300"
181,1268367721,,,"$10,000"
182,1175774810,,,"$5,000"
183,623142981,,,"HK$ 23,815"
184,920295925,,,"$25,000"
185,2067254510,,,$500
186,1195762008,,,"£10,000"
187,1402908657,,,"£4,000"
188,1949440126,,,"$50,000"
189,511661122,,,"€12,000"
190,955060886,,,"£2,000"
191,1408437174,,,"$20,000"
192,186177193,,,"£3,600"
193,971445610,,,"$6,000"
194,1819884998,,,"$1,000"
195,1730212487,,,"HK$ 77,540"
196,1993308544,,,"$10,000"
197,1971417368,,,"$10,000"
198,2105160399,241,"€28,046","€13,317"
199,1124200556,264,"€10,708","€1,331"
200,1493467162,90,"€2,812","€2,291"
201,1049675999,109,"€11,138","€8,838"
202,1209469147,60,"€6,752","€211,231"
203,618721385,453,"€38,486","€171,827"
204,1526205735,62,"€2,524",€300
205,1803018326,133,"€18,554","€36,000"
206,765907418,"3,058","€286,177","€35,512"
207,1508313179,212,"€28,779","€25,000"
208,1932576582,219,"€9,637",€300
209,691325831,245,"€17,007","€39,951"
210,518478339,353,"€8,114","€2,223"
211,339585824,526,"€19,192","€11,097"
212,1134856683,71,"€2,708","€4,439"
213,737645014,138,"€4,310","€4,000"
214,1362064062,422,"€9,251","€1,775"
215,40214790,954,"€77,968","€13,317"
216,1425329817,249,€582,€55
217,1489877183,176,"€4,741",€909
218,1955037305,"1,610","€94,284","€100,000"
219,1376306706,211,"€9,888","€15,891"
220,1929062368,60,"€3,459","€3,000"
221,885106140,438,"€32,038","€8,000"
222,2103449899,515,"€13,955","€3,335"
223,614081504,123,"€6,547","€6,004"
224,464711241,506,"€15,164","€22,195"
225,1527887898,62,€419,€88
226,1892452780,89,"€7,658",
227,854989663,53,"€3,063",€325
228,1956175932,165,"€8,809","€17,756"
229,1752772939,175,"€13,179","€2,490"
230,1270594295,178,"€9,632","€1,111"
231,1260124804,26,€819,"€3,617"
232,1092516563,85,"€2,951","€2,663"
233,876876486,71,"€2,031","€1,500"
234,362893001,157,"€5,638",€443
235,1188113847,613,"€70,812","€33,293"
236,627464795,380,"€8,837","€5,770"
237,1277934562,940,"€12,959","€2,223"
238,194881290,561,"€19,698","€10,840"
239,1713064119,43,"€1,302","€11,097"
240,281109096,28,"€1,400","€3,551"
241,2088756239,277,"€92,599","€8,878"
242,643147815,735,"€94,345","€17,756"
243,333709360,85,"€11,797","€53,268"
244,1659146784,392,"€23,761","€7,990"
245,1862711940,15,"€1,473","€25,000"
246,1494893605,355,"€7,335",€670
247,476297496,27,"€1,510",€443
248,1420734654,384,"€22,435","€7,102"
249,319283927,803,"€105,414","€44,390"
250,910688860,163,"€5,622","€3,000"
251,1199921635,68,€982,
252,508577305,107,"€1,733",€177
253,2067083805,73,"€2,763","€11,117"
254,1019612496,120,"€6,072","€4,971"
255,380688057,210,"€4,318",€100
256,1010744379,546,"€104,567","€11,117"
257,620421222,279,"€8,430",€333
258,811926054,143,"€9,400","€6,670"
259,766809278,395,"€9,035","€2,223"
260,1064827845,672,"€16,381",
261,1898310990,195,"€5,070","€8,878"
262,1099088876,51,"€1,082",€286
263,1225602906,155,"€5,286","€8,878"
264,638564534,39,"€4,063","€10,000"
265,1612015953,90,"€3,453","€4,439"
266,1652264343,292,"€15,629","€4,439"
267,38579373,57,"€1,201","€8,893"
268,915629727,256,"€16,919","€82,836"
269,1555523981,149,"€1,781","€3,335"
270,1222268368,287,"€8,853","€2,933"
271,2002970022,39,"€15,814","€22,234"
272,1881115016,868,"€15,338","€6,518"
273,40077266,909,"€22,079","€12,000"
274,1263911406,520,"€63,371","€27,793"
275,386214329,110,"€3,948",€325
276,104194349,355,"€25,210","€22,639"
277,2108256238,320,"€16,906","€3,389"
278,2116011561,231,"€34,111","€12,600"
279,599591799,41,"€4,132","€2,757"
280,1232707271,553,"€21,943","€10,000"
281,1315639914,101,"€1,978",€11
282,2143520275,"1,286","€39,387","€6,214"
283,489493058,249,"€5,606","€1,775"
284,1771586004,728,"€53,223","€17,756"
285,207061157,560,"€22,157","€20,000"
286,1154877208,446,"€21,683",€333
287,1955850391,148,"€6,565",€443
288,857914980,507,"€16,845","€13,896"
289,519254919,"1,007","€48,546","€6,671"
290,1157050939,861,"€206,622","€26,634"
291,1774309614,727,"€26,672","€8,338"
292,114123606,80,"€2,752","€2,663"
293,646213659,79,"€6,875","€7,500"
294,1479021464,37,"€1,654","€2,000"
295,1836714403,143,"€11,640","€1,145"
296,414307665,45,"€2,126","€6,013"
297,380630894,,,"¥1,000,000"
298,881269531,,,"€8,500"
299,1686361,,,"$12,000"
300,2089621665,,,"$3,000"
301,258110470,,,"DKK 160,000"
302,1849056287,,,"£15,000"
303,814477982,,,"$25,000"
304,1722856175,,,"$50,000"
305,1283893407,,,$500
306,728601756,,,$500
307,1659472224,,,$500
308,2015784598,,,"$7,600"
309,1220190269,,,"€20,000"
310,1068757549,,,"$50,000"
311,1704049792,,,"£1,000"
312,1220932034,,,"$5,000"
313,757494822,,,"DKK 185,200"
314,1824553936,,,"$1,500"
315,2115895369,,,S$ 300
316,1513644157,,,$200
317,498149813,,,
318,300040240,,,"$8,000"
319,209915152,,,"$15,000"
320,1132327090,,,"$29,000"
321,2086872414,,,"AU$ 8,500"
322,43084759,,,"$50,000"
323,1935683295,,,"£3,750"
324,460584000,,,"$30,000"
325,963254700,,,$300
326,53364124,,,"CA$ 10,000"
327,2047084002,,,"$7,000"
328,5648690,,,"DKK 250,000"
329,1968267689,,,"£1,500"
330,563675511,,,"$8,000"
331,268411878,,,$400
332,849006963,,,"CA$ 7,000"
333,1841122138,,,"NZ$ 3,600"
334,52454022,,,"£2,500"
335,1807087169,,,"$7,000"
336,1585642069,,,€400
337,809039637,,,"$6,000"
338,316550699,,,$111
339,1498297606,,,$750
340,1505277360,,,"NOK 120,000"
341,1494376239,,,"€42,500"
342,1254202364,,,"$8,000"
343,1162144622,,,"€3,400"
344,1745292830,,,"$20,000"
345,1842607761,,,$850
346,1443516203,,,"$1,250"
347,1424432578,,,"$1,000"
348,847704808,,,"$3,000"
349,305444630,,,"¥500,000"
350,1459973818,,,"$20,000"
351,1696603292,,,"€25,000"
352,64284283,,,$300
353,191363398,,,"$7,800"
354,1158029081,,,"$10,000"
355,1670251538,,,"£10,000"
356,607556941,,,"$100,000"
357,473217390,,,"£3,000"
358,1354955382,,,"$1,000"
359,581765044,,,£200
360,2055414879,,,"HK$ 6,500"
361,1650423243,,,
362,943248546,,,$360
363,455430392,,,"$1,500"
364,638439283,,,"CA$ 28,000"
365,1942000877,,,"$15,000"
366,1628062380,,,$200
367,1055906813,,,"$12,000"
368,2044421987,,,"$4,000"
369,1489028382,,,
370,658384730,,,$500
371,1792833985,,,"$10,000"
372,207334124,,,CA$ 526
373,5762201,,,
374,233399776,,,"£25,000"
375,1888537679,,,"$40,000"
376,2058768699,,,"$1,000"
377,870752846,,,CA$ 600
378,1194050890,,,"$1,000"
379,1044404777,,,"$150,000"
380,1700128575,,,CA$ 500
381,313633774,,,"$30,000"
382,1485039499,,,$250
383,321104489,,,€420
384,556736158,,,"SEK 299,000"
385,308107436,,,$400
386,1508765189,,,"$21,000"
387,1154115059,,,"AU$ 2,525"
388,938061652,,,"$23,000"
389,1678854218,,,"$5,000"
390,899632171,,,"$8,000"
391,1882420593,,,"$5,000"
392,219742959,,,"£3,000"
393,749934279,,,"€4,300"
394,769989670,,,"$4,200"
395,836618751,,,"$30,000"
396,992488022,,,$600
397,1529173830,,,"$1,200"
398,278844069,,,"$10,000"
399,402766940,,,"¥125,000"
400,1115301075,,,"$6,000"
401,806678899,,,"€5,000"
402,958320466,,,"CA$ 2,149"
403,1374225218,,,"HK$ 10,000"
404,39751793,,,"$7,000"
405,161717153,,,"$50,000"
406,1702135999,,,"$8,000"
407,141801415,,,"$12,900"
408,852522311,,,"CA$ 10,000"
409,1111743433,,,"CA$ 2,000"
410,560033040,,,
411,1270070423,,,"$5,000"
412,1930025268,,,€500
413,1273767597,,,$400
414,1432660645,,,"SEK 60,000"
415,430830021,,,"$10,000"
416,1600657903,,,"$20,000"
417,1224757664,,,"$10,000"
418,560523340,,,"€1,200"
419,2120574442,,,"$16,000"
420,1793902412,,,"€10,000"
421,609019694,,,SEK 500
422,1558857197,,,"€13,500"
423,622702802,,,$400
424,2031717744,,,"$1,500"
425,1338224635,,,"$1,200"
426,1636015499,,,"$2,500"
427,798447322,,,
428,1112006522,,,"$9,800"
429,866737988,,,"€38,000"
430,1437637720,,,"€10,000"
431,237522483,,,"$22,000"
432,1575772922,,,"$10,000"
433,708519789,,,"$20,000"
434,2029440073,,,"€1,000"
435,1560352271,,,"$1,000"
436,250779337,,,"€4,000"
437,1615621104,,,$500
438,621053692,,,"$5,000"
439,590311773,,,"$5,000"
440,659864325,,,$400
441,552985369,,,CA$ 350
442,1221269216,,,"€3,600"
443,1327839847,,,"$3,000"
444,442867106,,,$500
445,356623885,,,"$12,000"
446,413070984,,,CA$ 800
447,118715298,,,"CA$ 4,000"
448,1879010632,,,"HK$ 30,000"
449,1229442572,,,"€2,900"
450,1571450454,,,"$2,000"
451,662488370,,,"£35,000"
452,953479078,,,"£46,000"
453,1455541332,,,"CA$ 30,000"
454,709330297,,,"$5,000"
455,709330297,,,"$5,000"
456,1847540142,,,"AU$ 8,000"
457,41392151,,,"¥5,000,000"
458,1243028596,,,"CHF 1,800"
459,2099734596,,,€80
460,655449986,,,"€30,000"
461,1972516867,,,
462,117603243,,,$750
463,1015725759,,,"AU$ 5,000"
464,1033610600,,,€900
465,929012256,,,"$12,000"
466,455541580,,,"$6,000"
467,1011484524,,,"€3,000"
468,781634786,,,"€20,000"
469,139906957,147,"€5,476","€7,990"
470,545670127,98,"€2,914","€1,242"
471,677577457,98,"€4,241",€887
472,1638387697,33,"€3,054","€2,041"
473,1412863844,30,€757,"€1,065"
474,1165350102,221,"€4,281","€4,439"
475,1963001835,36,€613,€88
476,1964032316,359,"€25,796","€23,971"
477,577832122,183,"€3,560",€111
478,313894100,127,"€16,099","€1,145"
479,1970462040,66,€875,€443
480,1165559598,106,"€6,429","€3,910"
481,1480014833,122,"€22,308","€8,878"
482,1544754364,151,"€4,273",€577
483,1434892478,280,"€9,606","€8,878"
484,6557748,29,"€3,520","€1,718"
485,2041519013,105,"€32,815","€44,390"
486,2114994351,125,"€8,309","€13,317"
487,1985881502,84,"€4,716","€6,125"
488,1354296659,21,€418,€222
489,1192483471,164,"€4,217","€7,546"
490,901805370,11,€348,"€3,000"
491,53446633,83,"€2,781","€3,032"
492,50700454,246,"€8,924",€221
493,1760539573,19,€564,€181
494,1889581457,118,€899,€400
495,1061244190,48,"€1,497",€303
496,799171115,89,"€1,221","€1,775"
497,1435917645,210,"€10,949",
498,500092457,236,"€23,897","€4,582"
499,362883260,20,€842,"€5,770"
500,1359191708,58,"€3,054","€4,439"
501,875473229,60,"€7,250","€13,317"
502,1475582453,60,"€1,977","€10,653"
503,580198370,40,"€1,010",€221
504,482238418,32,"€2,833","€17,756"
505,1261382912,26,"€2,020","€1,667"
506,994551010,180,"€18,097","€3,107"
507,1426822663,440,"€92,716","€18,334"
508,302371117,171,"€9,900","€9,100"
509,1087891401,95,"€6,854","€1,331"
510,930329604,56,"€1,582","€4,439"
511,622365272,79,"€5,766",
512,1094816814,124,"€7,980","€15,980"
513,1656954422,186,"€13,907","€6,873"
514,1817031080,62,€944,€450
515,1301609564,79,"€2,532","€2,102"
516,649456478,450,"€34,237","€27,230"
517,987028330,88,"€4,924","€4,882"
518,1904707607,129,"€9,142","€2,802"
519,385012608,143,"€4,394","€4,439"
520,51125358,126,"€19,096","€8,878"
521,233130483,140,"€2,989","€1,111"
522,601855481,204,"€9,344","€10,300"
523,135277043,73,"€2,486",€555
524,814134617,43,"€2,962","€44,390"
525,1079919228,82,"€2,034","€2,200"
526,1764206049,144,"€4,875","€3,107"
527,1896051463,33,"€1,636",€277
528,1605068989,154,"€5,033","€3,631"
529,639782594,27,"€1,496","€1,145"
530,554389695,33,€689,€555
531,1819187565,52,"€4,209","€1,775"
532,23202629,132,"€4,724","€4,439"
533,2099223267,57,"€6,192","€13,317"
534,1239913476,140,"€11,424","€8,878"
535,26931741,84,"€4,773","€4,446"
536,375055740,49,"€1,150","€1,138"
537,417568834,186,"€9,636",€303
538,873713203,50,"€1,026","€3,613"
539,568407541,166,"€7,142","€11,364"
540,1316796012,64,"€18,460","€2,291"
541,2081743083,183,"€5,293","€2,308"
542,1436889076,400,"€12,551","€4,439"
543,1345315784,105,"€1,846","€1,331"
544,1347064876,58,"€1,709",€443
545,331352984,28,"€1,651","€3,817"
546,32546212,43,€663,"€1,061"
547,1317542880,15,"€1,005","€3,551"
548,1662555113,110,"€3,744",€886
549,693149854,88,"€10,400","€8,878"
550,534534516,69,"€2,823","€13,896"
551,460966373,54,"€1,423",€230
552,512217187,34,"€2,212","€3,000"
553,1591584152,228,"€16,211","€4,459"
554,2098199506,16,€802,"€2,485"
555,718313491,181,"€9,856","€6,658"
556,1646251333,109,"€4,152",€266
557,250807251,544,"€29,666","€8,878"
558,1990218937,172,"€8,296","€6,200"
559,932781904,136,"€5,548","€3,313"
560,2132033865,105,"€2,062","€1,516"
561,622422362,83,€996,€285
562,420418003,125,"€3,940","€4,882"
563,921926723,167,"€9,620","€8,878"
564,1681583460,121,"€2,390",€116
565,1605159886,61,"€2,948","€4,000"
566,587701711,93,"€7,368","€3,551"
567,1115437077,28,"€1,512","€248,518"
568,947609585,628,"€32,449","€16,676"
569,1334037853,,,£500
570,1425947003,,,"€70,000"
571,753938291,,,"$5,000"
572,629820164,,,"$2,000"
573,1634658510,,,"$1,000"
574,1359543,,,
575,1173829277,,,"$2,000"
576,1350121944,,,"£4,000"
577,1393341174,,,"£1,500"
578,1961942410,,,$500
579,355178125,,,"¥86,200"
580,58777958,,,"$15,000"
581,639072816,,,"€4,500"
582,1658232651,,,"$20,000"
583,90754949,,,"$3,500"
584,486484022,,,"£5,900"
585,1301036994,,,$450
586,1094489060,,,"$1,500"
587,1618577963,,,£360
588,1482717482,,,"SEK 100,000"
589,1572344790,,,€500
590,396023321,,,$800
591,1053066876,,,"$3,000"
592,1465471090,,,"$3,600"
593,388472572,,,"SEK 7,000"
594,1521470933,,,"$5,000"
595,1987850104,,,"$1,750"
596,706778673,,,"€13,500"
597,1272046556,,,£400
598,1964979578,,,"$5,000"
599,245115291,,,"$5,000"
600,1245457563,,,"CA$ 45,000"
601,1594062145,,,"$6,000"
602,1498425025,,,"$2,000"
603,2033913917,,,
604,1278858216,,,"€15,000"
605,1398082519,,,"$10,000"
606,1465582142,,,"$1,500"
607,64251710,,,"£15,000"
608,1998490294,,,"CA$ 4,242"
609,803962476,,,"$50,000"
610,1945194456,,,"CA$ 8,300"
611,1910736408,,,£475
612,1044110693,,,"$5,000"
613,1855851524,,,$850
614,1504595966,,,"$15,000"
615,60722704,,,
616,1605993044,,,"$1,000"
617,1196098734,,,"$4,000"
618,1317296575,,,£200
619,24585739,,,"£3,300"
620,1562164095,,,$600
621,947847804,,,"€14,000"
622,1048281628,,,"$12,000"
623,1428571283,,,"€1,900"
624,1128903243,,,"$10,000"
625,1585311705,,,"€4,000"
626,1753705565,,,"CA$ 2,400"
627,232342863,,,"$9,900"
628,104886525,,,"£10,150"
629,877189294,,,"S$ 8,000"
630,1943598450,,,$300
631,924622031,,,$50
632,217726802,,,$600
633,2021820574,,,"$200,000"
634,1227467198,,,"DKK 120,000"
635,632133526,,,"CA$ 20,000"
636,107125979,,,£250
637,405131892,,,"£1,000"
638,127344705,,,"$1,200"
639,1432939085,,,"$5,000"
640,479603080,,,"$2,500"
641,169135519,,,"$4,000"
642,169135519,,,"$4,000"
643,398189514,,,"$4,900"
644,779811223,,,"€12,500"
645,684161875,,,"$20,000"
646,1778911217,,,"€26,000"
647,292083260,,,"$18,000"
648,1846699775,,,"$15,000"
649,1130669296,,,
650,1684965587,,,"CA$ 10,000"
651,1573037100,,,$700
652,1154296566,,,"$25,000"
653,966295865,,,£200
654,1245690139,,,"CA$ 7,000"
655,1570200720,,,"$1,450"
656,394753060,,,"€12,000"
657,540275544,,,
658,79803724,,,$400
659,763163961,,,"£2,000"
660,1295664274,,,£200
661,430731749,,,"$5,000"
662,1609498808,,,"£2,800"
663,1562625215,,,"$15,000"
664,1033038940,,,"S$ 50,000"
665,1491339393,,,"€10,500"
666,1820933635,,,"CA$ 4,900"
667,727207141,,,"£1,000"
668,1614281393,,,"$1,700"
669,243781468,,,"AU$ 17,000"
670,1170644392,,,$500
671,1919086649,,,"$1,600"
672,1246264356,,,£100
673,1230565106,,,"€2,000"
674,1196022856,,,$843
675,945191265,,,"€3,000"
676,1621361749,,,"$1,000"
677,1444772998,,,"CA$ 1,700"
678,1152230915,,,£500
679,1468219081,,,"€9,000"
680,1387776633,116,"€4,779","€6,518"
681,1021913716,380,"€75,855","€25,000"
682,403740667,30,"€1,320","€11,097"
683,17567816,32,€692,€355
684,712317194,68,"€6,661","€15,092"
685,1869090445,150,"€7,895","€8,719"
686,838578443,72,"€9,125","€4,439"
687,844715255,89,"€2,405",€476
688,376616065,31,€638,€222
689,975502447,93,"€20,418","€1,111"
690,1646865289,65,"€7,882","€4,467"
691,359165676,49,"€3,868","€8,878"
692,1974583463,68,"€24,062","€1,145"
693,1828540537,13,"€1,450","€30,000"
694,660939201,21,€431,€687
695,573306410,53,"€1,126","€6,370"
696,1214373177,5,€271,"€8,878"
697,1179349246,114,"€7,933",€754
698,832179394,49,"€2,200","€26,634"
699,2037282999,5,€217,"€5,439"
700,1164192155,60,"€8,752","€45,561"
701,1164192155,60,"€8,752","€45,561"
702,1095479214,23,€459,€310
703,2045124140,30,"€2,580",€221
704,14395811,55,"€4,225","€7,812"
705,1747464563,51,"€1,540","€4,439"
706,2002720947,57,"€2,880","€4,882"
707,1441113579,42,"€3,679","€290,165"
708,202297513,38,"€1,301","€9,677"
709,153577409,47,"€2,552","€5,870"
710,1131176492,143,"€4,028","€5,326"
711,755682606,53,"€2,175","€3,335"
712,368104217,6,€236,€887
713,386591460,23,"€1,082","€14,205"
714,377308001,54,"€1,050","€1,420"
715,999282614,123,"€3,769",€443
716,980547443,30,"€2,933",
717,1893348985,155,"€19,919","€17,756"
718,641661170,52,"€3,015","€2,441"
719,1766064090,70,"€2,664","€10,653"
720,1457541530,21,"€1,186","€1,775"
721,758416418,171,"€225,378","€20,121"
722,117541469,6,€941,
723,1743495464,155,"€3,950","€3,335"
724,551923658,52,"€1,241",€177
725,1665490600,13,"€1,497","€34,365"
726,267865509,71,"€3,209","€5,326"
727,276644869,53,"€3,054","€2,663"
728,503679787,87,"€4,592","€6,064"
729,35672713,7,€158,€710
730,180928633,36,"€3,139","€15,200"
731,1092551886,29,"€1,526","€1,331"
732,1339278934,58,"€3,596","€3,551"
733,1651692452,21,€910,"€19,554"
734,2051827639,8,€32,€27
735,2025546930,15,€345,
736,2051827639,8,€32,€27
737,1413280875,45,"€1,801","€4,439"
738,1212241147,139,"€5,389",€488
739,1544613003,70,"€4,511","€2,219"
740,1241651171,43,"€1,579","€2,737"
741,1185304241,141,"€4,829","€2,663"
742,1221309042,139,"€7,081","€20,000"
743,216960128,91,"€2,717","€3,196"
744,992953462,117,"€2,785",€221
745,417085843,97,"€7,391","€4,882"
746,1588355384,4,€167,"€11,097"
747,1442558002,49,€710,€221
748,947118202,18,€779,"€3,032"
749,1314104762,102,"€2,876","€3,551"
750,456289140,439,"€26,282","€21,307"
751,1721112090,79,"€2,836","€5,000"
752,742635048,66,"€2,208",€710
753,438640395,22,€715,"€1,516"
754,685736653,61,"€2,619",
755,1668591544,138,"€2,834","€3,640"
756,2025535085,39,"€5,244","€6,658"
757,1273739996,28,€721,"€6,214"
758,388492732,52,€759,"€8,878"
759,745893041,264,"€15,063","€11,452"
760,644307016,487,"€61,442","€13,317"
761,2135609170,121,"€5,282","€2,663"
762,2111625934,23,"€1,701","€5,948"
763,380677367,79,"€2,000","€4,439"
764,1800720102,83,"€10,044","€13,036"
765,2051492198,173,"€13,770","€6,658"
766,1333776939,54,"€2,018","€3,335"
767,763322440,10,€184,€710
768,777531044,37,"€2,283","€8,878"
769,409129693,87,"€2,366",
770,826538239,7,€129,"€1,331"
771,303895022,28,"€1,529","€4,439"
772,8500897,216,"€15,867","€11,541"
773,1501832840,133,"€13,553","€3,259"
774,1877004323,44,"€1,265","€1,500"
775,1153388548,20,€591,"€4,446"
776,1572107461,28,€612,€500
777,1146217558,5,€65,€166
778,1576184145,65,"€1,833",
779,423645581,108,"€5,054","€5,000"
780,313463814,66,"€2,746","€1,331"
781,1576801673,81,"€2,211",€667
782,1028402942,111,"€3,382",€887
783,359503004,296,"€11,378","€11,541"
784,503061303,25,€771,€799
785,1459220167,48,"€10,033","€8,878"
786,1428509465,78,"€13,907","€14,205"
787,1084074557,22,"€1,434","€8,878"
788,1441891494,12,€113,€100
789,1903278594,38,"€2,255","€7,102"
790,217564291,52,"€1,810","€3,107"
791,1998657498,112,"€4,069","€1,800"
792,2041867839,8,€156,€443
793,1095672571,104,"€6,526","€5,703"
794,261229482,242,"€18,493","€14,452"
795,458734870,74,"€1,444",€500
796,458734870,74,"€1,444",€500
797,2142804468,7,"€1,122","€150,000"
798,233653490,117,"€3,228",€221
799,1924541323,80,"€3,008","€3,500"
800,855292542,18,€648,"€4,066"
801,1679140186,66,"€1,163","€2,500"
802,1744036912,112,"€4,055","€3,551"
803,485574310,54,"€13,111",
804,1247248685,165,"€3,519","€3,057"
805,982170944,77,"€10,427","€11,404"
806,574523975,13,€655,"€2,679"
807,463500164,45,€661,€200
808,1890024309,154,"€8,758","€6,658"
809,353440516,7,€917,"€1,323"
810,1771258186,31,"€1,035","€2,223"
811,908603297,21,€363,€177
812,761504813,70,"€2,791","€5,002"
813,1532113044,44,"€3,387","€10,653"
814,617013403,164,"€9,214","€3,000"
815,529305868,,,"CA$ 10,000"
816,2099658299,,,"$18,000"
817,1254200464,,,$550
818,892996193,,,"£1,600"
819,1547429221,,,"€2,500"
820,333773471,,,"AU$ 5,000"
821,1946257438,,,$400
822,1181054687,,,"€1,000"
823,1364423726,,,"$15,000"
824,906136711,,,"$2,300"
825,1698771868,,,$400
826,657241607,,,£160
827,507610266,,,"$15,000"
828,746207878,,,"¥2,000,000"
829,675913062,,,"$25,000"
830,1128317324,,,$500
831,2004074587,,,£700
832,1902621382,,,£200
833,1520440255,,,"€3,797"
834,1939055363,,,"SEK 95,000"
835,1856199002,,,"£1,200"
836,1023135221,,,"$2,000"
837,1163217206,,,"$2,978"
838,1453039869,,,$100
839,366773217,,,"€15,000"
840,1146931034,,,"£10,000"
841,1001821522,,,"$5,000"
842,131644204,,,
843,307907093,,,"£2,300"
844,1007127016,,,"£4,800"
845,1448708207,,,"$8,500"
846,1444109885,,,"€8,000"
847,1820164775,,,"£2,000"
848,1583224225,,,"SEK 320,000"
849,148890047,,,
850,160053502,,,"CA$ 2,000"
851,1986363879,,,"$21,000"
852,1562571268,,,"£3,000"
853,884266332,,,$400
854,2133348699,,,"S$ 12,000"
855,558867489,,,"€3,500"
856,1478335956,,,$250
857,1962504973,,,"NOK 470,000"
858,87980708,,,"£1,200"
859,622512788,,,"$1,000"
860,103718307,,,€40
861,1561680984,,,"$50,000"
862,547939834,,,"$2,000"
863,2104613825,,,$100
864,1580990932,,,"$8,300"
865,2063687142,,,"$1,700"
866,11515907,,,CA$ 900
867,998660161,,,$400
868,465701141,,,"CA$ 5,555"
869,1885674684,,,"$3,500"
870,1668628378,,,"$1,000"
871,1469011637,,,"€8,000"
872,874548753,,,"$17,500"
873,1545188094,,,"$5,700"
874,317864621,,,"£10,000"
875,830936412,,,€200
876,1127368554,,,"£10,000"
877,995236362,,,"$3,000"
878,633634440,,,"£20,000"
879,426094497,,,"$1,200"
880,1008496526,,,"MX$ 35,000"
881,821994248,,,"$1,000"
882,1772715663,,,"$18,000"
883,707056516,,,"£100,000"
884,870105642,,,£440
885,1485099470,,,"$3,000"
886,1006902714,,,"$7,100"
887,366388602,,,$800
888,601766042,,,"£3,591"
889,585673348,,,"€3,600"
890,1504006176,,,"€5,000"
891,1431032382,,,"CA$ 25,000"
892,1353413184,,,"€10,000"
893,667116317,,,"NZ$ 10,000"
894,2047210451,,,"$60,000"
895,567961065,,,"HK$ 90,000"
896,847847237,,,"$4,000"
897,1378517265,,,£700
898,326468283,,,"SEK 10,400"
899,1418787988,,,£300
900,897539071,,,"$2,900"
901,897539071,,,"$2,900"
902,1732541027,,,
903,738926742,,,"AU$ 6,750"
904,606371579,,,$850
905,98172450,,,"$5,800"
906,1656427899,,,
907,166728983,,,"£6,700"
908,804070623,,,"AU$ 8,000"
909,147520333,,,"€14,350"
910,1751626881,,,"NOK 80,000"
911,753454870,,,$500
912,1807643681,,,$600
913,232414218,,,"€12,000"
914,335792260,,,$100
915,816576415,,,£700
916,1242069351,,,
917,273928923,,,$503
918,1786092188,82,"€5,607",
919,1488594027,44,"€7,275",€443
920,1904175038,29,€442,€222
921,1294533734,13,"€1,655","€26,634"
922,1355250402,116,"€2,919","€1,389"
923,911668296,75,"€1,484",€887
924,211660554,15,€291,
925,1686794097,9,"€1,492","€52,146"
926,394848287,40,"€22,873","€35,198"
927,358610436,18,€357,€333
928,1602068260,104,"€12,358","€5,000"
929,1159317985,36,"€1,827","€3,515"
930,264733805,23,"€1,926","€2,122"
931,226245746,41,€624,€266
932,1223599886,81,"€3,555","€4,224"
933,1223599886,81,"€3,555","€4,224"
934,1132383203,40,"€2,269","€8,017"
935,1869275701,5,€54,"€2,308"
936,1247694808,46,"€2,795",
937,582812962,52,"€1,835",€420
938,1250059002,22,€419,€200
939,928805289,4,€84,€322
940,20292077,24,€943,"€2,001"
941,304197172,66,"€3,909","€8,878"
942,1051901112,120,"€3,267",€399
943,294893316,70,"€1,620","€3,551"
944,402269208,6,€741,"€34,402"
945,402269208,6,€741,"€34,402"
946,320324183,280,"€14,315","€88,781"
947,1974446562,24,€857,€266
948,1144454448,38,"€1,244",
949,1504532870,4,€108,"€17,756"
950,176257351,69,"€7,389",
951,1111551810,8,"€1,005","€5,866"
952,428283889,31,€667,€620
953,1800712632,108,"€8,736","€24,858"
954,14174404,72,"€2,895","€6,658"
955,627800438,24,€745,"€2,000"
956,237852013,2,€14,"€1,775"
957,892510192,35,"€1,347",
958,679391779,18,€861,"€5,214"
959,996464312,14,"€1,386","€2,663"
960,120811424,36,"€4,360","€26,634"
961,1508521435,36,"€2,006","€3,000"
962,188845017,10,€284,"€1,111"
963,1800473179,99,"€2,129","€1,775"
964,1426692808,220,"€8,534","€8,893"
965,1147306820,56,"€31,191","€44,390"
966,864432744,62,"€1,643",€621
967,1304950040,26,"€1,312",€311
968,1841474934,33,"€1,440","€1,000"
969,768557892,6,€160,€443
970,1757442827,69,"€2,485","€2,000"
971,1717706453,35,"€1,155","€13,317"
972,1969430210,18,"€1,886","€14,180"
973,1443843451,48,"€4,583","€3,910"
974,1134379730,50,"€3,179","€3,259"
975,569160202,36,€827,€355
976,1619698535,28,"€1,637","€2,750"
977,2006773596,11,€134,€355
978,2049978293,47,"€1,006",
979,317896104,5,€185,"€22,195"
980,1842397276,7,€444,"€68,889"
981,17177673,102,"€7,193","€9,854"
982,1387577273,47,"€3,445","€2,219"
983,996151124,25,€423,€215
984,690361820,20,€307,€443
985,177197762,6,€11,€900
986,200519663,20,€611,"€2,219"
987,372510851,5,€77,"€4,439"
988,136085590,4,€51,€55
989,535477139,60,"€2,828","€1,718"
990,213206945,28,"€1,972","€3,350"
991,1758480669,76,"€5,944","€8,878"
992,2023385727,36,"€1,621","€21,307"
993,494215957,68,"€28,414","€26,190"
994,2098911386,27,"€1,060","€1,793"
995,1081210168,118,"€1,977","€2,219"
996,1021900325,4,"€3,053","€27,793"
997,1886105251,52,"€1,538","€1,775"
998,1373879724,15,€301,€200
999,1713951219,155,"€10,472","€11,275"
1000,134445980,36,"€1,052","€13,317"
1001,684436965,216,"€10,794","€7,990"
1002,1819360741,28,€607,"€10,000"
1003,408606769,73,"€1,386",€310
1004,913285336,7,€221,€150
1005,1681566244,73,"€1,598",€833
1006,1897117262,13,€349,"€3,107"
1007,1415666220,101,"€3,590","€8,878"
1008,1521313661,110,"€5,599","€1,900"
1009,246315988,27,€465,€799
1010,1798048095,65,"€1,744","€5,000"
1011,1583298427,4,€27,"€8,878"
1012,84751258,63,"€2,000","€10,343"
1013,316698791,153,"€10,881","€8,972"
1014,481443983,166,"€6,529","€6,020"
1015,339972374,64,"€2,153","€1,629"
1016,1166234029,,,"$5,000"
1017,562841473,,,"$5,700"
1018,64517111,,,£330
1019,829751024,,,"$10,000"
1020,37836637,,,"S$ 8,000"
1021,49187758,,,"$30,000"
1022,1706759000,,,"$5,000"
1023,342485581,,,"CA$ 1,000"
1024,196049670,,,"HK$ 60,000"
1025,1544238961,,,"$5,000"
1026,442800257,,,"MX$ 33,000"
1027,67202662,,,"$10,000"
1028,647256714,,,"HK$ 2,500"
1029,1043285997,,,"€2,500"
1030,286887477,,,"$3,500"
1031,1065199995,,,"€8,000"
1032,747094957,,,£300
1033,361079255,,,€300
1034,470085509,,,"$2,000"
1035,1757686049,,,"£151,000"
1036,185589397,,,"€1,000"
1037,136735499,,,£500
1038,710440718,,,"$80,000"
1039,158237306,,,"$3,200"
1040,2132783571,,,"£2,250"
1041,989548611,,,"$140,000"
1042,29869401,,,"MX$ 220,000"
1043,31903625,,,"$3,000"
1044,1825677409,,,$500
1045,324527434,,,"$15,000"
1046,1538276323,,,
1047,865803875,,,$800
1048,829722158,,,
1049,1900358066,,,$500
1050,1757373250,,,S$ 550
1051,433957088,,,"$2,000"
1052,943903312,,,"€6,375"
1053,1478588025,,,$300
1054,1648614825,,,"£1,000"
1055,886574300,,,"$16,000"
1056,292609376,,,"$5,000"
1057,762773276,,,£250
1058,659965961,,,€800
1059,1645282813,,,"$10,000"
1060,1481802742,,,$800
1061,719385551,,,"$3,000"
1062,993940075,,,CA$ 500
1063,1216789158,,,CA$ 450
1064,1643760425,,,"CA$ 10,000"
1065,1541490478,,,$250
1066,1900194115,,,"MX$ 25,000"
1067,2075770448,,,"$2,000"
1068,1674928415,,,"$3,000"
1069,84459770,,,"$5,000"
1070,986663293,,,$650
1071,1236312965,,,"CA$ 1,400"
1072,2028485049,,,"CA$ 15,000"
1073,1354408439,,,"$25,000"
1074,2126189774,,,$500
1075,1619795821,,,"$1,000"
1076,1854566179,,,"$5,000"
1077,772351921,,,"CHF 15,000"
1078,111377725,,,$450
1079,1437370753,,,"$1,000"
1080,1359345463,,,"£6,000"
1081,1019718862,,,"$20,000"
1082,2011020210,,,
1083,105638581,,,€520
1084,505715394,,,
1085,1895189751,,,"S$ 4,500"
1086,184091742,,,"$1,000"
1087,321197912,,,"$1,500"
1088,505715394,,,
1089,1870420583,,,"£15,000"
1090,1328616540,,,"€5,900"
1091,1502917136,,,"AU$ 8,500"
1092,281550824,,,"CA$ 60,000"
1093,997566554,,,
1094,747357698,,,€300
1095,21084338,,,"¥100,000"
1096,1836335569,,,"£1,500"
1097,21084338,,,"¥100,000"
1098,1836335569,,,"£1,500"
1099,885161458,,,"$7,000"
1100,284321085,,,"€8,300"
1101,1771784260,,,"€35,000"
1102,959632288,,,$300
1103,880311150,,,$900
1104,1510724455,,,"€15,000"
1105,1221201797,,,"DKK 30,000"
1106,1126828529,,,"€20,000"
1107,533537066,,,"$25,000"
1108,1198577436,,,$300
1109,846558620,,,£325
1110,1307306933,,,"CA$ 2,700"
1111,1652225435,,,"$35,000"
1112,1792137610,,,"$4,000"
1113,1084017950,,,"CA$ 2,500"
1114,1415433873,,,"€19,500"
1115,2065916926,,,"$12,000"
1116,1904952453,,,"$2,500"
1117,41497009,,,$600
1118,1855124373,,,"€5,500"
1119,930473787,,,CA$ 100
1120,1647851823,,,"€2,000"
1121,866646307,,,"$1,500"
1122,2040205073,,,"$1,000"
1123,1184180275,,,CA$ 375
1124,790897103,,,€1
1125,1419904058,,,
1126,106237464,,,€550
1127,1922589551,,,"$4,200"
1128,1528475214,,,"€10,000"
1129,1176672618,,,"MX$ 99,000"
1130,21991528,,,"$2,000"
1131,165854712,,,"$1,000"
1132,1030539556,,,$350
1133,1465232896,,,€250
1134,955409996,,,"HK$ 40,000"
1135,1030539556,,,$350
1136,1904568402,,,"DKK 15,000"
1137,1340376351,,,"$5,000"
1138,1853143507,,,"$27,500"
1139,1595087640,,,"$1,425"
1140,1000378344,,,$800
1141,349692297,,,"$3,000"
1142,605847576,,,"€3,500"
1143,744341284,,,"$35,000"
1144,633366269,,,"£5,200"
1145,633366269,,,"£5,200"
1146,1210015309,,,"$10,000"
1147,415928711,,,"AU$ 580,000"
1148,522622447,,,"$15,000"
1149,882763860,,,"AU$ 15,000"
1150,1556808398,,,"€10,000"
1151,661955484,,,"$30,000"
1152,666816918,,,"€10,500"
1153,1743486166,,,$450
1154,1604408908,,,
1155,955061911,,,"NOK 7,100"
1156,1779996184,,,$500
1157,204480301,,,"€11,500"
1158,585234746,,,"$10,000"
1159,1433411596,,,"£1,000"
1160,1321562197,,,"NZ$ 7,000"
1161,559118629,,,"$50,000"
1162,4838994,,,"HK$ 3,000"
1163,153531370,,,"$3,000"
1164,883868368,,,"€20,000"
1165,2011679403,,,
1166,368580464,,,€13
1167,1978121465,,,£350
1168,2008966599,,,$500
1169,1879007216,,,"$5,000"
1170,2065594614,23,"€2,087","€2,663"
1171,1092726647,10,€308,€500
1172,989860525,18,€157,€88
1173,1794723653,18,€786,"€1,399"
1174,715919615,12,€725,
1175,1715746487,121,"€4,416","€3,639"
1176,684265786,110,"€4,732","€4,446"
1177,1988920250,9,€123,€111
1178,865317031,9,€128,
1179,1556418730,118,"€6,892","€9,765"
1180,865317031,9,€128,
1181,436235887,10,€138,€223
1182,1988920250,9,€123,€111
1183,953047676,14,€58,"€21,041"
1184,294569744,25,"€1,105","€3,259"
1185,285221245,41,"€2,117","€1,629"
1186,527366638,4,€56,€500
1187,530847466,18,€394,€532
1188,1145544492,10,€625,"€5,733"
1189,1907713302,5,€101,"€1,667"
1190,780490238,2,€16,€800
1191,294898121,20,€268,€532
1192,780490238,2,€16,€800
1193,1244569324,23,€659,€887
1194,901030296,10,€764,"€8,656"
1195,1371043340,5,€51,"€2,900"
1196,2007231159,16,€768,€389
1197,867012110,55,"€1,294",€611
1198,263885582,15,€838,€443
1199,2061834325,43,"€5,783",
1200,623719510,31,"€6,206","€31,073"
1201,191287212,60,"€2,611","€66,586"
1202,950517365,5,€78,"€4,439"
1203,194811295,1,€1,€889
1204,74780922,45,"€2,044","€3,600"
1205,16076540,9,€201,€555
1206,1580646635,15,€856,"€3,107"
1207,216755319,16,€515,€800
1208,688017160,6,€151,"€1,500"
1209,1130385684,13,€269,"€2,929"
1210,696456395,90,"€3,265","€6,000"
1211,1236820659,45,"€3,871","€26,634"
1212,182797108,56,"€2,493","€2,130"
1213,2073289879,58,"€2,118","€2,200"
1214,398328453,14,€544,"€7,782"
1215,1431902856,276,"€9,905","€5,002"
1216,398328453,14,€544,"€7,782"
1217,396511864,41,"€4,167","€4,630"
1218,1270159190,35,"€1,746","€2,041"
1219,1404747018,7,€76,"€4,852"
1220,614185969,8,€176,€260
1221,1337930924,12,€261,"€1,000"
1222,20703045,13,€255,"€6,187"
1223,658737603,3,€22,"€8,878"
1224,1647745710,110,"€1,972",€355
1225,1990155082,182,"€8,627","€5,593"
1226,1662308704,17,€194,"€1,580"
1227,415285365,78,"€2,219","€8,878"
1228,964781263,125,"€12,764","€27,900"
1229,1635318702,39,"€2,091","€1,775"
1230,716517718,17,€532,€325
1231,539655958,40,"€1,764","€3,551"
1232,764032036,23,"€1,511","€3,259"
1233,1060275548,58,"€2,757","€32,405"
1234,179498802,15,"€3,158","€26,634"
1235,1128524996,12,€338,"€1,863"
1236,1896453308,24,"€2,806","€22,195"
1237,765304602,26,"€1,347","€6,518"
1238,71624140,9,€201,"€4,439"
1239,936619896,85,"€2,083","€1,334"
1240,343108187,102,"€28,155","€74,960"
1241,798285985,20,€923,"€1,775"
1242,31990312,118,"€7,521","€3,551"
1243,707930253,17,"€2,676","€4,705"
1244,494667580,7,€112,€222
1245,1091394927,11,€466,"€4,439"
1246,1895199019,48,"€1,369",€177
1247,598027266,25,€519,€778
1248,885769586,46,"€4,556","€6,000"
1249,1473548730,71,"€1,489",€565
1250,989181032,96,"€4,692","€10,871"
1251,1584461531,59,"€1,728",€300
1252,1006276212,35,€967,"€1,667"
1253,1242420934,8,"€1,024","€1,500"
1254,1378003253,156,"€4,161","€2,700"
1255,1214186789,35,"€2,493","€4,439"
1256,2077154004,13,€308,€443
1257,310408821,9,€174,"€8,878"
1258,1892086287,102,"€2,475","€3,335"
1259,1504821839,37,"€1,055",€568
1260,1715814657,32,"€1,795","€1,953"
1261,401726671,5,€156,"€10,653"
1262,468811150,4,€101,"€3,500"
1263,703692483,36,€648,"€3,551"
1264,401726671,5,€156,"€10,653"
1265,337397575,43,"€1,198",€333
1266,1085005522,24,"€2,184",€799
1267,301082919,24,€566,"€1,598"
1268,93546831,27,"€1,737",€900
1269,1892514213,,,"MX$ 250,000"
1270,739247227,,,"£4,000"
1271,876293225,,,
1272,2013132876,,,$400
1273,1273222491,,,"$1,700"
1274,739247227,,,"£4,000"
1275,894670451,,,"£15,850"
1276,246003717,,,€700
1277,2132037509,,,"€175,000"
1278,1252475124,,,$300
1279,1009414080,,,"€26,250"
1280,367988774,,,"$6,000"
1281,1406251018,,,"$1,500"
1282,1882795923,,,£350
1283,157430507,,,"€8,000"
1284,508522873,,,$500
1285,1447659875,,,"$10,000"
1286,496886225,,,"$3,000"
1287,1640472081,,,"£8,000"
1288,2080525814,,,"€15,000"
1289,778231128,,,£300
1290,729576485,,,"$8,000"
1291,736345156,,,"$1,000"
1292,259106837,,,"€10,500"
1293,474641326,,,€600
1294,295095913,,,"$15,000"
1295,1411479401,,,"€9,200"
1296,1107542606,,,"$5,260"
1297,1083249311,,,"$20,000"
1298,625911988,,,"$3,500"
1299,1411479401,,,"€9,200"
1300,743930793,,,AU$ 500
1301,216049660,,,£400
1302,1067302771,,,"SEK 8,000"
1303,242821481,,,"CA$ 25,000"
1304,864948427,,,$500
1305,1470385957,,,"$1,000"
1306,507772009,,,"$1,000"
1307,1824677826,,,$250
1308,421916973,,,$300
1309,792327180,,,"SEK 59,000"
1310,783513309,,,"€9,500"
1311,1379738741,,,"$25,000"
1312,352875350,,,"$3,500"
1313,1151651194,,,"AU$ 2,500"
1314,224517418,,,"$1,000"
1315,561475010,,,"$1,500"
1316,1448694489,,,"AU$ 1,500"
1317,250224748,,,£400
1318,229716144,,,CA$ 700
1319,944266386,,,"AU$ 10,000"
1320,1398323800,,,"€62,200"
1321,597609258,,,"$30,000"
1322,1605546392,,,"€16,000"
1323,1896863045,,,"$10,100"
1324,455898480,,,"$21,000"
1325,809522232,,,"$2,500"
1326,2017438917,,,"$3,995"
1327,427414232,,,
1328,84786855,,,"$2,000"
1329,182041529,,,£300
1330,945478812,,,£680
1331,191624417,,,"SEK 120,000"
1332,1751162276,,,"$72,300"
1333,984433208,,,€500
1334,1016900870,,,"€4,500"
1335,1515112232,,,"$2,500"
1336,361927207,,,"$10,000"
1337,1402947768,,,"MX$ 40,000"
1338,197986612,,,"£3,300"
1339,266881512,,,"$9,000"
1340,78002265,,,"$4,400"
1341,783207640,,,£500
1342,1973447019,,,"$50,000"
1343,1383891411,,,$500
1344,1895103038,,,"£8,000"
1345,1373676481,,,"€6,900"
1346,1397686655,,,"$25,100"
1347,831065129,,,"$7,000"
1348,1042509919,,,$150
1349,1422867543,,,"£3,150"
1350,1820235191,,,"$10,000"
1351,495202449,,,"€2,000"
1352,1509904056,,,CA$ 700
1353,689551826,,,$225
1354,221916302,,,"€2,000"
1355,1706367005,,,$500
1356,1646368707,,,"$8,000"
1357,1905744598,,,"HK$ 10,000"
1358,221916302,,,"€2,000"
1359,876573295,,,"£85,000"
1360,451475647,,,"HK$ 3,500"
1361,1377428466,,,"€5,000"
1362,1095429136,,,€400
1363,272102813,,,
1364,951073910,,,"HK$ 300,000"
1365,546324820,,,"€10,800"
1366,409042849,,,"CA$ 10,000"
1367,2063985471,,,"$15,000"
1368,789580318,,,"$1,370"
1369,467735865,,,"$5,000"
1370,861665028,,,"€13,140"
1371,519560102,,,£350
1372,1892822648,,,$300
1373,1584994077,,,"$15,000"
1374,521556645,,,"$6,000"
1375,1193143208,,,€200
1376,817126320,,,$666
1377,1906415429,,,£950
1378,1874885261,,,"AU$ 20,000"
1379,1548438457,,,"$25,000"
1380,817126320,,,$666
1381,1414375193,,,"$10,000"
1382,1681770771,,,"$18,000"
1383,262514556,,,"£3,000"
1384,307481442,,,"$17,600"
1385,1869801532,,,"£7,000"
1386,1393146211,,,$750
1387,502347995,,,"$10,000"
1388,1888257766,,,"€8,000"
1389,1869801532,,,"£7,000"
1390,1888257766,,,"€8,000"
1391,2031752996,,,"€1,500"
1392,2044948006,,,"€55,000"
1393,817632057,,,"NOK 5,000"
1394,2078768581,,,"$6,000"
1395,1006668212,,,"€10,000"
1396,2037469047,,,"$30,000"
1397,614496895,,,"AU$ 2,000"
1398,1502882203,,,"€1,000"
1399,13970780,,,"DKK 10,000"
